organization,timestamp,open,high,low,close,volume
DTYS,23/03/2018,22.15,22.18,21.7309,21.87,55660
DTYS,22/03/2018,22.09,22.2604,21.69,22.08,87247
DTYS,21/03/2018,22.94,23.2,22.597,22.6,79216
DTYS,20/03/2018,22.74,22.79,22.6325,22.73,50947
DTYS,19/03/2018,22.6,22.6,22.155,22.425,14023
DTYS,16/03/2018,22.27,22.407,22.27,22.35,10662
DTYS,15/03/2018,22.08,22.2628,21.97,22.1,39236
DTYS,14/03/2018,22.41,22.41,21.9,22.06,146652
DTYS,13/03/2018,22.35,22.57,22.26,22.27,214819
DTYS,12/03/2018,22.79,22.82,22.5546,22.58,35578
DTYS,09/03/2018,22.88,23.06,22.735,22.84,112831
DTYS,08/03/2018,22.67,22.735,22.4204,22.52,27311
DTYS,07/03/2018,22.57,22.82,22.44,22.7808,56302
DTYS,06/03/2018,22.7082,22.84,22.5401,22.84,7956
DTYS,05/03/2018,22.2733,22.9241,22.2701,22.8,53156
DTYS,02/03/2018,22.25,22.7,22.22,22.6,158759
DTYS,01/03/2018,22.72,23.13,21.9,22.06,222828
DTYS,28/02/2018,22.94,23.0999,22.78,22.78,23188
DTYS,27/02/2018,22.54,23.25,22.45,23.02,40640
DTYS,26/02/2018,22.52,22.5499,22.264,22.54,69579
DTYS,23/02/2018,22.79,22.84,22.543,22.7,80427
DTYS,22/02/2018,23.14,23.3,22.96,23.11,42983
DTYS,21/02/2018,22.88,23.48,22.8,23.31,53536
DTYS,20/02/2018,23.05,23.1906,22.9,22.9698,50790
DTYS,16/02/2018,22.61,22.8448,22.5,22.75,63120
DTYS,15/02/2018,23.2,23.2,22.85,23.09,137811
DTYS,14/02/2018,22.67,23.22,22.67,23.16,147512
DTYS,13/02/2018,22.37,22.45,22.18,22.22,21488
DTYS,12/02/2018,22.37,22.57,22.3,22.42,64881
DTYS,09/02/2018,22.49,22.56,21.5369,22.2383,257270
DTYS,08/02/2018,22.67,22.89,21.91,22.2,161260
DTYS,07/02/2018,21.86,22.4277,21.6242,22.32,126240
DTYS,06/02/2018,21.41,21.88,21.34,21.85,130968
DTYS,05/02/2018,22.48,22.6,21.09,21.31,295587
DTYS,02/02/2018,22.47,22.75,22.31,22.48,234977
DTYS,01/02/2018,21.61,22.18,21.532,22.1799,93699
DTYS,31/01/2018,21.3,21.81,21.3,21.64,105841
DTYS,30/01/2018,21.32,21.5,21.19,21.41,36397
DTYS,29/01/2018,21,21.44,21,21.1899,35654
DTYS,26/01/2018,20.46,20.93,20.46,20.79,42568
DTYS,25/01/2018,20.87,20.96,20.35,20.3626,219762
DTYS,24/01/2018,20.61,20.78,20.49,20.595,17600
DTYS,23/01/2018,20.54,20.54,20.33,20.36,9421
DTYS,22/01/2018,20.74,20.86,20.508,20.76,85712
DTYS,19/01/2018,20.47,20.75,20.47,20.75,67068
DTYS,18/01/2018,20.37,20.43,20.25,20.42,37222
DTYS,17/01/2018,19.85,20.09,19.73,20.0678,25911
DTYS,16/01/2018,19.56,19.84,19.5,19.68,16468
DTYS,12/01/2018,19.79,19.9,19.67,19.71,13446
DTYS,11/01/2018,19.7849,19.8,19.41,19.57,64416
DTYS,10/01/2018,19.9,19.99,19.555,19.61,92570
DTYS,09/01/2018,19.25,19.62,19.25,19.58,36887
DTYS,08/01/2018,18.98,19.08,18.88,19.03,9105
DTYS,05/01/2018,18.79,19.02,18.71,18.97,24664
DTYS,04/01/2018,19.03,19.05,18.75,18.75,13483
DTYS,03/01/2018,18.5482,18.73,18.47,18.6,24967
DTYS,02/01/2018,18.28,18.95,18.28,18.72,30895
DTYS,29/12/2017,18.3945,18.3945,18.161,18.25,6119
DTYS,28/12/2017,18.45,18.61,18.3474,18.5133,13273
DTYS,27/12/2017,18.75,18.75,18.3,18.32,72705
DTYS,26/12/2017,18.8304,18.874,18.82,18.85,3000
DTYS,22/12/2017,19.005,19.01,19.005,19.01,1114
DTYS,21/12/2017,19.02,19.089,18.934,19.01,21042
DTYS,20/12/2017,19.03,19.03,18.82,19.02,34171
DTYS,19/12/2017,18.36,18.8,18.34,18.67,41051
DTYS,18/12/2017,17.95,18,17.8211,18,10388
DTYS,15/12/2017,17.91,18,17.71,17.7412,17870
DTYS,14/12/2017,17.95,17.98,17.6,17.71,17125
DTYS,13/12/2017,18,18.0108,17.54,17.54,37622
DTYS,12/12/2017,18.14,18.25,18.09,18.17,17252
DTYS,11/12/2017,17.81,18.02,17.7568,18.02,9400
DTYS,08/12/2017,17.79,17.96,17.73,17.91,18039
DTYS,07/12/2017,17.54,17.95,17.5,17.75,16582
DTYS,06/12/2017,17.6,17.63,17.42,17.58,23299
DTYS,05/12/2017,18.16,18.17,17.8264,17.86,19429
DTYS,04/12/2017,18.02,18.23,17.91,17.93,35139
DTYS,01/12/2017,18,18.2432,17.26,17.84,73336
DTYS,30/11/2017,18,18.3425,17.82,18.14,48874
DTYS,29/11/2017,17.36,17.87,17.36,17.7071,10783
DTYS,28/11/2017,17.1262,17.1262,17.12,17.12,809
DTYS,27/11/2017,17.36,17.3601,17.16,17.17,12663
DTYS,24/11/2017,17.25,17.25,17.25,17.25,0
DTYS,22/11/2017,17.66,17.66,17.2,17.25,3861
DTYS,21/11/2017,17.5,17.75,17.5,17.69,15070
DTYS,20/11/2017,17.21,17.68,17.2,17.54,9243
DTYS,17/11/2017,17.35,17.4,17.32,17.4,11139
DTYS,16/11/2017,17.47,17.5112,17.44,17.5,18547
DTYS,15/11/2017,17.46,17.52,17.13,17.25,29366
DTYS,14/11/2017,17.8,17.8,17.64,17.71,3457
DTYS,13/11/2017,17.62,17.85,17.61,17.77,21533
DTYS,10/11/2017,17.42,17.78,17.42,17.71,33620
DTYS,09/11/2017,17.21,17.27,16.98,17.1,7099
DTYS,08/11/2017,16.89,17.1,16.89,17.07,4596
DTYS,07/11/2017,16.91,16.95,16.78,16.85,4589
DTYS,06/11/2017,17,17.04,16.83,16.88,14375
DTYS,03/11/2017,17.1,17.3,17.06,17.07,4550
DTYS,02/11/2017,17.3,17.33,17.06,17.16,23696
DTYS,01/11/2017,17.5,17.58,17.2,17.45,12640
DTYS,31/10/2017,17.39,17.47,17.39,17.45,1953
DTYS,30/10/2017,17.5,17.51,17.34,17.38,25503
DTYS,27/10/2017,18.18,18.18,17.72,17.72,4559
DTYS,26/10/2017,17.93,18.18,17.91,18.13,6791
DTYS,25/10/2017,18.1,18.18,17.85,17.88,96764
DTYS,24/10/2017,17.67,17.75,17.61,17.75,6592
DTYS,23/10/2017,17.5,17.5,17.35,17.4,3032
DTYS,20/10/2017,17.49,17.52,17.4,17.52,12925
DTYS,19/10/2017,16.88,17.07,16.7,16.95,4201
DTYS,18/10/2017,17.14,17.19,17.11,17.13,7400
DTYS,17/10/2017,16.85,16.95,16.77,16.83,17539
DTYS,16/10/2017,16.38,16.83,16.38,16.68,20850
DTYS,13/10/2017,16.47,16.62,16.37,16.38,34106
DTYS,12/10/2017,16.84,17.01,16.81,16.89,9547
DTYS,11/10/2017,17.19,17.19,16.84,16.94,16232
DTYS,10/10/2017,17.12,17.12,16.88,17.07,12374
DTYS,09/10/2017,17.23,17.38,17.05,17.13,2944
DTYS,06/10/2017,17.2,17.64,17.04,17.29,22118
DTYS,05/10/2017,17.03,17.18,16.97,17.12,4815
DTYS,04/10/2017,16.85,17.09,16.79,16.89,12902
DTYS,03/10/2017,16.95,16.95,16.82,16.84,11940
DTYS,02/10/2017,17,17.09,16.86,17.06,5479
DTYS,29/09/2017,16.9,16.95,16.72,16.94,21365
DTYS,28/09/2017,16.93,16.93,16.61,16.64,43906
DTYS,27/09/2017,16.42,16.75,16.4,16.75,43831
DTYS,26/09/2017,16.12,16.25,16.02,16.09,11136
DTYS,25/09/2017,16.06,16.06,15.9,15.94,21506
DTYS,22/09/2017,16.26,16.36,16.13,16.36,10680
DTYS,21/09/2017,16.52,16.61,16.17,16.61,17130
DTYS,20/09/2017,16.02,16.55,15.92,16.48,33874
DTYS,19/09/2017,15.96,16.11,15.94,16.06,15456
DTYS,18/09/2017,15.87,16,15.83,15.94,24109
DTYS,15/09/2017,15.4175,15.74,15.4175,15.64,22665
DTYS,14/09/2017,15.4,15.66,15.4,15.48,33719
DTYS,13/09/2017,15.32,15.5,15.3,15.49,38734
DTYS,12/09/2017,15.11,15.32,15.11,15.23,18534
DTYS,11/09/2017,14.63,14.87,14.63,14.8,41039
DTYS,08/09/2017,14.13,14.27,14.13,14.26,7336
DTYS,07/09/2017,14.43,14.43,13.93,14.11,55560
DTYS,06/09/2017,14.33,14.7,14.23,14.62,27950
DTYS,05/09/2017,14.74,14.74,14.2656,14.31,46151
DTYS,01/09/2017,14.63,15.27,14.58,15.23,9065
DTYS,31/08/2017,15,15,14.74,14.78,7184
DTYS,30/08/2017,15.39,15.39,14.9,15,35222
DTYS,29/08/2017,15.1,15.55,14.64,14.8,55392
DTYS,28/08/2017,15.29,15.5,15.11,15.17,14746
DTYS,25/08/2017,15.35,15.4,15.26,15.35,13673
DTYS,24/08/2017,15.29,15.51,15.29,15.48,9153
DTYS,23/08/2017,15.36,15.42,15.23,15.28,5908
DTYS,22/08/2017,15.48,15.7,15.48,15.7,21332
DTYS,21/08/2017,15.4,15.47,15.27,15.39,12759
DTYS,18/08/2017,15.2,15.7,15.15,15.49,17790
DTYS,17/08/2017,15.88,15.88,15.4,15.45,20796
DTYS,16/08/2017,16.26,16.27,15.78,15.93,10400
DTYS,15/08/2017,16.21,16.26,16.1,16.2,10409
DTYS,14/08/2017,15.6,15.75,15.57,15.75,1466
DTYS,11/08/2017,15.56,15.57,15.32,15.41,29210
DTYS,10/08/2017,15.78,15.86,15.6,15.61,23673
DTYS,09/08/2017,15.86,16.09,15.78,16.05,32290
DTYS,08/08/2017,16.25,16.49,16.25,16.41,11608
DTYS,07/08/2017,16.4,16.4,16.14,16.21,2815
DTYS,04/08/2017,16.41,16.54,16.27,16.28,11882
DTYS,03/08/2017,16.1,16.12,15.85,15.85,13588
DTYS,02/08/2017,16.25,16.33,16.09,16.27,19356
DTYS,01/08/2017,16.66,16.66,16.09,16.09,12617
DTYS,31/07/2017,16.49,16.52,16.47,16.49,4482
DTYS,28/07/2017,16.5,16.53,16.45,16.45,6420
DTYS,27/07/2017,16.83,16.86,16.59,16.65,10744
DTYS,26/07/2017,17,17,16.34,16.43,5928
DTYS,25/07/2017,16.78,16.98,16.65,16.96,8897
DTYS,24/07/2017,16.09,16.22,16.09,16.22,2039
DTYS,21/07/2017,16.04,16.04,15.98,15.98,5701
DTYS,20/07/2017,16.25,16.25,16.02,16.11,14800
DTYS,19/07/2017,16.28,16.38,16.23,16.29,3773
DTYS,18/07/2017,16.33,16.3545,16.1972,16.28,14034
DTYS,17/07/2017,16.77,16.87,16.71,16.74,4194
DTYS,14/07/2017,16.61,16.88,16.57,16.88,11733
DTYS,13/07/2017,17.443,17.443,17.041,17.09,2028
DTYS,12/07/2017,16.7,17.07,16.7,16.91,25311
DTYS,11/07/2017,17.62,17.66,17.39,17.47,4678
DTYS,10/07/2017,17.75,17.75,17.55,17.55,3327
DTYS,07/07/2017,18.49,18.49,17.77,17.86,28652
DTYS,06/07/2017,17.65,17.87,17.65,17.65,12955
DTYS,05/07/2017,17.33,17.45,17.33,17.35,2350
DTYS,03/07/2017,17.02,17.57,17.02,17.5,10429
DTYS,30/06/2017,16.72,17,16.7,16.99,31432
DTYS,29/06/2017,16.5,16.83,16.48,16.52,15004
DTYS,28/06/2017,16.25,16.25,16.11,16.11,9261
DTYS,27/06/2017,15.57,16.37,15.57,16.08,17669
DTYS,26/06/2017,15.44,15.44,15.24,15.37,14935
DTYS,23/06/2017,15.5,15.58,15.42,15.52,2856
DTYS,22/06/2017,15.4,15.61,15.4,15.61,7917
DTYS,21/06/2017,15.53,15.7,15.49,15.5,81692
DTYS,20/06/2017,15.72,15.74,15.48,15.53,15700
DTYS,19/06/2017,15.57,15.81,15.56,15.81,11554
DTYS,16/06/2017,15.47,15.49,15.33,15.47,7311
DTYS,15/06/2017,15.45,15.61,15.45,15.6,10725
DTYS,14/06/2017,15.75,15.75,14.78,15.31,60444
DTYS,13/06/2017,16.16,16.24,15.87,15.87,34847
DTYS,12/06/2017,16.15,16.15,15.84,16.03,4588
DTYS,09/06/2017,16.16,16.16,15.85,15.95,19833
DTYS,08/06/2017,15.95,16.11,15.83,15.85,7653
DTYS,07/06/2017,15.62,15.82,15.51,15.73,6989
DTYS,06/06/2017,15.29,15.5,15.29,15.41,32962
DTYS,05/06/2017,15.77,15.88,15.74,15.88,9044
DTYS,02/06/2017,15.74,15.77,15.48,15.57,49932
DTYS,01/06/2017,16.36,16.36,16.19,16.22,13348
DTYS,31/05/2017,16.25,16.25,16.1,16.15,18759
DTYS,30/05/2017,16.42,16.42,16.24,16.25,17962
DTYS,26/05/2017,16.38,16.64,16.38,16.52,10694
DTYS,25/05/2017,16.67,16.8,16.59,16.59,13138
DTYS,24/05/2017,16.95,17.1,16.8,16.8,9315
DTYS,23/05/2017,16.27,17.12,16.27,17.11,6253
DTYS,22/05/2017,16.31,16.64,16.31,16.62,6250
DTYS,19/05/2017,16.57,16.7,16.47,16.47,4041
DTYS,18/05/2017,16.31,16.56,16.3,16.51,18589
DTYS,17/05/2017,16.81,16.87,16.18,16.28,65103
DTYS,16/05/2017,17.49,17.54,17.31,17.42,24314
DTYS,15/05/2017,17.56,17.63,17.56,17.58,1805
DTYS,12/05/2017,17.66,17.66,17.42,17.47,16676
DTYS,11/05/2017,18.32,18.47,18.03,18.21,6386
DTYS,10/05/2017,18.02,18.41,17.9,18.41,4246
DTYS,09/05/2017,18.38,18.38,18.28,18.28,13072
DTYS,08/05/2017,17.83,18.14,17.83,18.13,3810
DTYS,05/05/2017,17.88,17.88,17.76,17.86,4726
DTYS,04/05/2017,17.97,18.07,17.88,17.93,17695
DTYS,03/05/2017,17.28,17.51,17.23,17.51,13968
DTYS,02/05/2017,17.5,17.54,17.1,17.12,31730
DTYS,01/05/2017,17.19,17.57,17.19,17.44,26523
DTYS,28/04/2017,17.38,17.49,17.18,17.19,3670
DTYS,27/04/2017,17.37,17.37,17.15,17.25,10535
DTYS,26/04/2017,17.75,17.75,17.44,17.44,3397
DTYS,25/04/2017,17.43,17.7,17.36,17.7,16956
DTYS,24/04/2017,17.44,17.44,17.05,17.05,14080
DTYS,21/04/2017,16.71,16.72,16.55,16.72,4795
DTYS,20/04/2017,16.73,17.06,16.7,16.91,52566
DTYS,19/04/2017,16.56,16.7,16.47,16.53,16475
DTYS,18/04/2017,16.59,16.66,16,16.16,74245
DTYS,17/04/2017,16.72,17.02,16.63,17.02,24301
DTYS,13/04/2017,16.8,17.06,16.69,16.74,33591
DTYS,12/04/2017,17.46,17.55,17.1,17.1,23472
DTYS,11/04/2017,17.84,17.85,17.5,17.58,26785
DTYS,10/04/2017,18.4,18.4,18.13,18.27,7714
DTYS,07/04/2017,17.8,18.45,17.56,18.45,14458
DTYS,06/04/2017,17.89,18.17,17.83,17.99,11164
DTYS,05/04/2017,18.36,18.37,17.79,17.89,27698
DTYS,04/04/2017,18.03,18.2,17.93,18.11,39470
DTYS,03/04/2017,18.44,18.51,18.01,18.06,84087
DTYS,31/03/2017,19.07,19.07,18.71,18.73,1745
DTYS,30/03/2017,18.81,19.07,18.7,19.07,9715
DTYS,29/03/2017,18.81,18.81,18.68,18.74,8441
DTYS,28/03/2017,18.36,19.04,18.36,19.04,19158
DTYS,27/03/2017,18.38,18.58,18.26,18.56,20296
DTYS,24/03/2017,19.01,19.04,18.74,18.85,12153
DTYS,23/03/2017,18.69,19.14,18.69,18.82,22617
DTYS,22/03/2017,18.68,18.88,18.5,18.77,34395
DTYS,21/03/2017,19.44,19.44,18.92,18.95,27367
DTYS,20/03/2017,19.78,19.78,19.32,19.32,10591
DTYS,17/03/2017,19.87,19.91,19.58,19.77,21013
DTYS,16/03/2017,19.4,20.17,18.76,20.05,64661
DTYS,15/03/2017,20.85,20.88,19.71,19.79,96193
DTYS,14/03/2017,21.04,21.07,20.79,20.93,16359
DTYS,13/03/2017,20.79,21.08,20.78,21.08,16271
DTYS,10/03/2017,21.45,21.45,20.62,20.77,78021
DTYS,09/03/2017,20.8,21.09,20.75,21.06,74169
DTYS,08/03/2017,20.94,20.98,20.51,20.68,57304
DTYS,07/03/2017,20.02,20.24,20.02,20.21,15303
DTYS,06/03/2017,19.94,20.11,19.87,20,24540
DTYS,03/03/2017,20.11,20.33,19.94,19.98,37228
DTYS,02/03/2017,20.01,20.3,19.96,19.98,46595
DTYS,01/03/2017,19.6,19.88,19.6,19.77,43590
DTYS,28/02/2017,18.59,18.82,18.48,18.8,12683
DTYS,27/02/2017,18.18,18.71,18.18,18.71,18686
DTYS,24/02/2017,18.4,18.48,18.1,18.18,75178
DTYS,23/02/2017,19.02,19.4,18.75,18.75,30710
DTYS,22/02/2017,18.99,19.52,18.99,19.11,18997
DTYS,21/02/2017,19.01,19.61,19.01,19.34,18915
DTYS,17/02/2017,19.79,19.79,19.2,19.26,7677
DTYS,16/02/2017,19.8,20.13,19.5,19.55,20730
DTYS,15/02/2017,20.37,20.4,20.06,20.23,55485
DTYS,14/02/2017,19.49,20.18,19.47,19.88,13117
DTYS,13/02/2017,19.25,19.58,19.25,19.32,12412
DTYS,10/02/2017,19.26,19.68,18.81,19.21,31622
DTYS,09/02/2017,18.48,19,18.48,18.98,17381
DTYS,08/02/2017,18.65,18.65,18.18,18.44,33891
DTYS,07/02/2017,18.98,18.98,18.54,18.75,15094
DTYS,06/02/2017,19.28,19.39,18.86,18.92,19120
DTYS,03/02/2017,19.73,19.9,19.17,19.72,22868
DTYS,02/02/2017,19.61,19.74,19.01,19.74,24604
DTYS,01/02/2017,19.88,20.25,19.7,19.77,51075
DTYS,31/01/2017,19.88,19.88,19.3256,19.5649,7653
DTYS,30/01/2017,20.05,20.374,19.77,20.11,24925
DTYS,27/01/2017,20.0104,20.149,19.94,20.07,5500
DTYS,26/01/2017,20.62,20.9783,20.15,20.24,47665
DTYS,25/01/2017,20.46,20.5899,20.0191,20.43,25149
DTYS,24/01/2017,19.3636,19.81,19.28,19.79,7361
DTYS,23/01/2017,19.79,19.835,18.89,19.15,19703
DTYS,20/01/2017,20.02,20.32,19.66,19.799,18946
DTYS,19/01/2017,19.85,20.23,19.85,19.9301,37201
DTYS,18/01/2017,18.85,19.58,18.79,19.54,12590
DTYS,17/01/2017,19,19.22,18.51,18.6299,43237
DTYS,13/01/2017,19.26,19.7199,19.0857,19.5615,40489
DTYS,12/01/2017,18.7001,18.98,18.51,18.9538,31172
DTYS,11/01/2017,18.99,19.4199,18.611,19.1368,23689
DTYS,10/01/2017,18.98,19.2499,18.98,19.15,9694
DTYS,09/01/2017,19.4,19.4,19.051,19.2015,3700
DTYS,06/01/2017,19.27,19.7999,19.27,19.6996,21425
DTYS,05/01/2017,19.6,19.6605,18.85,19.0332,58142
DTYS,04/01/2017,20.2973,20.2973,19.8973,19.8973,26787
DTYS,03/01/2017,20.26,20.613,19.86,19.9,23050
DTYS,30/12/2016,20.1847,20.209,19.55,19.821,48030
DTYS,29/12/2016,21.1,21.1,20.08,20.27,47529
DTYS,28/12/2016,21.1,21.42,20.8,21.1,39270
DTYS,27/12/2016,21.48,21.589,21.101,21.12,27542
DTYS,23/12/2016,21.15,21.15,20.751,21.0297,7310
DTYS,22/12/2016,21.2574,21.38,20.981,21.0514,20352
DTYS,21/12/2016,21.27,21.565,20.881,21.0953,22823
DTYS,20/12/2016,21.4008,21.615,21.25,21.37,24302
DTYS,19/12/2016,21.2,21.43,19.79,21.16,31222
DTYS,16/12/2016,21.57,21.84,21.3,21.6575,42411
DTYS,15/12/2016,21.42,21.98,21.36,21.9137,108420
DTYS,14/12/2016,19.75,21.4233,19.66,21.2901,76589
DTYS,13/12/2016,19.91,20.3295,19.38,20.12,25101
DTYS,12/12/2016,20.33,20.34,20.0001,20.1083,23764
DTYS,09/12/2016,19.4016,20.32,19.3332,20.2215,41925
DTYS,08/12/2016,19.35,19.7675,19.35,19.5999,24498
DTYS,07/12/2016,19.2192,19.2534,18.941,19.03,22210
DTYS,06/12/2016,19.64,19.768,19.2801,19.44,23688
DTYS,05/12/2016,19.71,20.06,19.22,19.64,19202
DTYS,02/12/2016,19.95,19.95,19.25,19.51,39914
DTYS,01/12/2016,19.75,20.48,19.5,20.1763,133554
DTYS,30/11/2016,19.1,19.74,19.0301,19.5,57677
DTYS,29/11/2016,18.9,19.2804,18.58,18.6186,12788
DTYS,28/11/2016,19.78,19.78,18.7501,18.9691,19448
DTYS,25/11/2016,19.5,19.6299,19.31,19.59,24226
DTYS,23/11/2016,19,19.74,18.7688,19.21,113306
DTYS,22/11/2016,18.9215,18.94,18.4,18.68,27100
DTYS,21/11/2016,18.1,19.09,18.1,18.8973,32042
DTYS,18/11/2016,18.53,19.09,18.23,19.09,35082
DTYS,17/11/2016,18,18.36,17.7795,18.3,46590
DTYS,16/11/2016,17.82,17.97,17.57,17.77,48103
DTYS,15/11/2016,17.78,17.98,17.66,17.77,27958
DTYS,14/11/2016,17.44,17.85,17.181,17.5844,84999
DTYS,11/11/2016,16.81,17,16.5,17,46665
DTYS,10/11/2016,16.66,17.03,16,16.64,99668
DTYS,09/11/2016,14.34,15.902,14.25,15.76,129817
DTYS,08/11/2016,13.84,14.2678,13.84,14.11,24755
DTYS,07/11/2016,13.4801,13.7,13.45,13.59,11349
DTYS,04/11/2016,13.31,13.31,13,13.0312,39694
DTYS,03/11/2016,13.57,13.6,13.38,13.4703,27247
DTYS,02/11/2016,13.76,13.76,13.2301,13.5,42870
DTYS,01/11/2016,13.851,14.276,13.7,13.76,16271
DTYS,31/10/2016,14.05,14.3199,13.8275,13.8275,34996
DTYS,28/10/2016,14.23,14.249,13.95,14.09,9268
DTYS,27/10/2016,13.77,14.32,13.77,14.1,65723
DTYS,26/10/2016,13.13,13.835,13.13,13.46,17301
DTYS,25/10/2016,13.44,13.495,13.09,13.38,27591
DTYS,24/10/2016,13.13,13.779,13.13,13.21,9708
DTYS,21/10/2016,13.1099,13.2503,13.1099,13.2503,2460
DTYS,20/10/2016,12.9,13.12,12.89,13.12,7010
DTYS,19/10/2016,13.15,13.15,12.9214,13.1,16676
DTYS,18/10/2016,13.5369,13.5369,13.03,13.165,16137
DTYS,17/10/2016,13.5,13.5,13.2401,13.26,26098
DTYS,14/10/2016,13.41,13.61,13.3301,13.61,7433
DTYS,13/10/2016,13.42,13.42,13.12,13.26,55655
DTYS,12/10/2016,13.55,13.89,13.48,13.6783,59021
DTYS,11/10/2016,13.6501,13.74,13.25,13.45,35275
DTYS,10/10/2016,13.55,13.846,13.55,13.69,33134
DTYS,07/10/2016,13.45,13.6025,13.34,13.4185,17116
DTYS,06/10/2016,13.35,13.5,13.19,13.434,47766
DTYS,05/10/2016,12.9,13.368,12.87,13.2,25167
DTYS,04/10/2016,12.33,12.8584,11.73,12.81,42680
DTYS,03/10/2016,12.41,12.41,12.2,12.24,10099
DTYS,30/09/2016,11.8,12.27,11.8,12.08,32701
DTYS,29/09/2016,11.68,11.96,11.45,11.56,24341
DTYS,28/09/2016,11.75,11.78,11.48,11.7305,30562
DTYS,27/09/2016,11.76,11.79,11.698,11.74,4382
DTYS,26/09/2016,12.29,12.29,11.7,11.85,39243
DTYS,23/09/2016,12.35,12.41,12.2356,12.25,5979
DTYS,22/09/2016,12.62,13.31,12.15,12.35,59906
DTYS,21/09/2016,13,13.18,12.54,12.68,13247
DTYS,20/09/2016,12.97,13,12.7799,13,12562
DTYS,19/09/2016,13,13,12.8301,12.99,25329
DTYS,16/09/2016,13,13,12.7,12.94,11901
DTYS,15/09/2016,13.18,13.4399,12.7866,13.01,52339
DTYS,14/09/2016,13.395,13.4302,12.711,12.75,30899
DTYS,13/09/2016,12.93,13.5517,12.6701,13.288,77518
DTYS,12/09/2016,13,13.4,12.77,12.88,18853
DTYS,09/09/2016,12.71,12.98,12.71,12.9268,24950
DTYS,08/09/2016,12,12.6054,11.99,12.5,50909
DTYS,07/09/2016,11.78,11.9,11.73,11.752,18505
DTYS,06/09/2016,12.85,12.85,11.86,11.91,61722
DTYS,02/09/2016,12.47,12.7503,12.12,12.61,31450
DTYS,01/09/2016,12.81,12.89,12.2101,12.34,46935
DTYS,31/08/2016,12.33,12.53,12.15,12.5,8267
DTYS,30/08/2016,12.2647,12.42,12.22,12.22,5152
DTYS,29/08/2016,12.6,12.6,12.02,12.1701,12688
DTYS,26/08/2016,11.94,12.9,11.7488,12.7721,63713
DTYS,25/08/2016,11.78,12.426,11.78,11.94,7713
DTYS,24/08/2016,11.8686,12,11.8686,11.9001,2525
DTYS,23/08/2016,11.88,12.059,11.76,11.92,8999
DTYS,22/08/2016,12.07,12.07,11.8112,11.98,1990
DTYS,19/08/2016,11.73,12.37,11.73,12.22,13184
DTYS,18/08/2016,11.72,12.3699,11.521,11.73,14588
DTYS,17/08/2016,12.35,12.35,11.87,12,27051
DTYS,16/08/2016,12,12.31,12,12.21,10121
DTYS,15/08/2016,11.75,12,11.75,11.94,22519
DTYS,12/08/2016,11.63,11.85,11.24,11.66,60882
DTYS,11/08/2016,11.61,12.21,11.61,12.18,28986
DTYS,10/08/2016,11.69,11.69,11.3503,11.46,14510
DTYS,09/08/2016,12.19,12.2,11.6501,11.87,21663
DTYS,08/08/2016,12.34,12.42,12.1,12.19,69231
DTYS,05/08/2016,11.5,12.15,11.353,12.15,29873
DTYS,04/08/2016,11.76,11.76,10.96,11.23,35544
DTYS,03/08/2016,11.31,11.78,11.31,11.599,16923
DTYS,02/08/2016,11.2,11.779,11.12,11.38,52144
DTYS,01/08/2016,11.27,11.38,11.1497,11.3705,22970
DTYS,29/07/2016,11.5,11.51,11.0099,11.03,31446
DTYS,28/07/2016,11.83,12.17,11.53,11.689,7517
DTYS,27/07/2016,12,12.057,11.51,11.7,15873
DTYS,26/07/2016,12.03,12.389,12.03,12.16,10378
DTYS,25/07/2016,11.62,12.22,11.04,11.99,34457
DTYS,22/07/2016,12.19,12.25,12,12.1,12569
DTYS,21/07/2016,12.2,12.55,11.91,11.97,17353
DTYS,20/07/2016,11.97,12.35,11.97,12.31,12582
DTYS,19/07/2016,12.35,12.35,11.84,11.88,14211
DTYS,18/07/2016,11.5,12.44,11.5,12.35,45694
DTYS,15/07/2016,12.2,12.49,12.13,12.13,46399
DTYS,14/07/2016,11.98,12.0399,11.65,11.792,70140
DTYS,13/07/2016,11.57,11.57,11.1607,11.45,16539
DTYS,12/07/2016,11.33,11.8499,11.33,11.75,75623
DTYS,11/07/2016,10.57,10.9,10.443,10.875,29537
DTYS,08/07/2016,10.3,10.61,10.1579,10.19,27644
DTYS,07/07/2016,10.1,10.79,10.1,10.27,36154
DTYS,06/07/2016,10.08,10.46,10.08,10.25,22286
DTYS,05/07/2016,10.53,10.586,9.95,10.19,150222
DTYS,01/07/2016,11.13,11.13,10.6,10.79,32907
DTYS,30/06/2016,10.86,11.22,10.79,10.88,48519
DTYS,29/06/2016,11.06,11.41,10.812,11.15,56560
DTYS,28/06/2016,11.07,11.07,10.704,10.72,46200
DTYS,27/06/2016,11.39,11.4,10.55,10.73,470209
DTYS,24/06/2016,11.59,12.117,11.18,11.9899,249311
DTYS,23/06/2016,12.8,13.95,12.8,13.95,64497
DTYS,22/06/2016,13.25,13.28,12.7182,13.1299,23618
DTYS,21/06/2016,12.98,13.279,12.81,13.1,22799
DTYS,20/06/2016,12.93,13.03,12.83,12.98,39770
DTYS,17/06/2016,12.105,12.52,12.07,12.41,12738
DTYS,16/06/2016,12.15,12.1972,11.5,11.99,234672
DTYS,15/06/2016,12.65,12.7429,12.1001,12.15,56128
DTYS,14/06/2016,12.33,12.65,12.33,12.65,15610
DTYS,13/06/2016,12.65,12.86,12.5,12.52,38105
DTYS,10/06/2016,13.38,13.38,12.8,12.96,46331
DTYS,09/06/2016,13.4,13.4639,13.14,13.376,23207
DTYS,08/06/2016,13.54,13.69,13.41,13.58,32355
DTYS,07/06/2016,13.55,13.56,13.47,13.5196,16303
DTYS,06/06/2016,13.41,13.88,13.41,13.6633,33969
DTYS,03/06/2016,13.75,13.75,13.47,13.48,109952
DTYS,02/06/2016,15,15,14.74,14.8407,14784
DTYS,01/06/2016,15.0901,15.29,15.0901,15.23,52753
DTYS,31/05/2016,15.22,16.4,14.5801,15.18,28679
DTYS,27/05/2016,15.08,15.4208,15.06,15.3699,3632
DTYS,26/05/2016,15.3699,15.3699,14.92,15.0849,7020
DTYS,25/05/2016,15.27,15.5784,15.27,15.47,4730
DTYS,24/05/2016,15.3301,15.49,15.24,15.49,5822
DTYS,23/05/2016,15.29,15.3399,15.03,15.05,2344
DTYS,20/05/2016,15.35,15.35,15,15.25,14044
DTYS,19/05/2016,15.62,15.62,14.035,15.25,6063
DTYS,18/05/2016,14.46,15.666,14.46,15.5492,367602
DTYS,17/05/2016,14.2,14.33,14.1,14.2398,9329
DTYS,16/05/2016,13.92,14.2,13.92,14.152,19549
DTYS,13/05/2016,13.95,13.95,13.5795,13.705,9454
DTYS,12/05/2016,14.1995,14.1995,13.83,13.98,21849
DTYS,11/05/2016,14.1687,14.1687,13.5,13.64,23736
DTYS,10/05/2016,13.84,13.847,13.7,13.74,9013
DTYS,09/05/2016,13.85,13.8599,13.76,13.8,5651
DTYS,06/05/2016,13.65,14.12,13.65,14.12,65794
DTYS,05/05/2016,14.25,14.444,13.77,13.88,24831
DTYS,04/05/2016,14.2408,14.4,14.189,14.189,3456
DTYS,03/05/2016,14.42,14.4699,14.25,14.41,16393
DTYS,02/05/2016,14.96,15.185,14.96,15.12,5396
DTYS,29/04/2016,15.02,15.1,14.75,14.76,19386
DTYS,28/04/2016,15.15,15.15,14.7,14.72,31097
DTYS,27/04/2016,15.56,15.7,15.065,15.15,7430
DTYS,26/04/2016,15.64,15.94,15.64,15.8132,24144
DTYS,25/04/2016,15.6,15.64,15.4949,15.6,18065
DTYS,22/04/2016,15.41,15.66,15.33,15.47,24420
DTYS,21/04/2016,15.4,15.45,15.2325,15.32,11192
DTYS,20/04/2016,14.41,15.15,14.355,15.15,23438
DTYS,19/04/2016,14.52,14.52,14.301,14.49,2886
DTYS,18/04/2016,14.16,14.3496,14.11,14.2545,7862
DTYS,15/04/2016,14.32,14.32,13.9,14.06,9739
DTYS,14/04/2016,14.34,14.5,14.03,14.47,10686
DTYS,13/04/2016,14.3131,14.4562,14,14.14,3513
DTYS,12/04/2016,13.87,14.1579,13.76,14.14,23871
DTYS,11/04/2016,13.77,13.869,13.465,13.58,10936
DTYS,08/04/2016,13.61,13.75,13.43,13.5,15172
DTYS,07/04/2016,13.57,13.61,13.22,13.279,40988
DTYS,06/04/2016,13.76,14.14,13.76,13.98,17836
DTYS,05/04/2016,13.77,13.86,13.69,13.74,14146
DTYS,04/04/2016,14.28,14.28,14.13,14.13,11569
DTYS,01/04/2016,14.2821,14.635,14.2821,14.33,10696
DTYS,31/03/2016,14.6903,14.755,14.11,14.2104,12827
DTYS,30/03/2016,15.206,15.4,14.59,14.6,4968
DTYS,29/03/2016,15.68,15.68,14.86,14.89,5285
DTYS,28/03/2016,15.76,15.83,15.4767,15.68,13717
DTYS,24/03/2016,15.79,16.03,15.5987,15.9001,4325
DTYS,23/03/2016,16.06,16.19,15.6275,15.66,6315
DTYS,22/03/2016,15.77,16.17,15.6001,16.17,12264
DTYS,21/03/2016,15.82,16.0936,15.79,16.04,23047
DTYS,18/03/2016,15.71,15.96,15.43,15.5,21617
DTYS,17/03/2016,16.02,16.02,15.6,15.7324,14453
DTYS,16/03/2016,16.9,17.15,16.0118,16.1156,21204
DTYS,15/03/2016,16.52,16.79,16.39,16.79,38844
DTYS,14/03/2016,16.75,16.85,16.35,16.85,50917
DTYS,11/03/2016,16.2,16.75,16.18,16.7,18408
DTYS,10/03/2016,16.16,16.489,15.17,16.34,31653
DTYS,09/03/2016,15.61,16.0913,15.5101,15.8765,29299
DTYS,08/03/2016,15.4,15.49,15.0344,15.32,58594
DTYS,07/03/2016,16.08,16.24,16.01,16.23,24449
DTYS,04/03/2016,15.59,15.94,15.51,15.94,50522
DTYS,03/03/2016,15.65,15.65,15.3,15.31,17634
DTYS,02/03/2016,15.16,15.648,15.16,15.5,32971
DTYS,01/03/2016,14.12,15.1,14.12,14.96,35977
DTYS,29/02/2016,14.57,14.57,14.1,14.1099,11668
DTYS,26/02/2016,13.86,14.5,13.86,14.438,14903
DTYS,25/02/2016,13.63,13.8266,13.4815,13.57,10471
DTYS,24/02/2016,13.84,14.2108,13.15,13.9401,17592
DTYS,23/02/2016,14.71,14.71,13.88,14.17,40498
DTYS,22/02/2016,14.33,14.5364,14.27,14.34,16450
DTYS,19/02/2016,14.19,14.59,14.02,14.157,37066
DTYS,18/02/2016,14.53,14.77,13.98,14.22,152576
DTYS,17/02/2016,14.93,15.05,14.6501,14.76,40220
DTYS,16/02/2016,16,16,14.11,14.2,16769
DTYS,12/02/2016,13.64,14.08,13.39,13.89,17917
DTYS,11/02/2016,12.45,13.098,12.25,12.81,105943
DTYS,10/02/2016,13.87,14.15,13.32,13.32,54328
DTYS,09/02/2016,13.46,13.81,13.45,13.81,30454
DTYS,08/02/2016,14.33,14.33,13.61,13.772,103869
DTYS,05/02/2016,15.2,15.3,14.7801,14.9,15976
DTYS,04/02/2016,15.03,15.27,14.9156,14.971,18172
DTYS,03/02/2016,15.27,15.3289,14.3101,15.21,22633
DTYS,02/02/2016,15.52,15.52,15.12,15.18,34955
DTYS,01/02/2016,16,16.29,15.8924,16.22,14917
DTYS,29/01/2016,16.01,16.18,15.72,15.7603,49495
DTYS,28/01/2016,16.92,16.98,16.51,16.52,26931
DTYS,27/01/2016,17.08,17.363,16.69,16.7,46821
DTYS,26/01/2016,16.9,17.1353,16.74,16.74,13938
DTYS,25/01/2016,17.25,17.28,17,17.06,9812
DTYS,22/01/2016,17.51,17.67,17.2922,17.3653,8982
DTYS,21/01/2016,16.68,17.0229,16.48,17.0186,17735
DTYS,20/01/2016,16.76,16.8212,16.2601,16.756,64777
DTYS,19/01/2016,17.39,17.48,17.2,17.44,16568
DTYS,15/01/2016,16.95,17.28,16.9315,17.2,160870
DTYS,14/01/2016,17.5501,18.23,17.5,18.0934,20150
DTYS,13/01/2016,18.33,18.33,17.5,17.655,44786
DTYS,12/01/2016,18.85,18.88,17.85,18.22,14429
DTYS,11/01/2016,18.92,18.9599,18.4901,18.78,8245
DTYS,08/01/2016,18.8001,18.86,18.45,18.45,12429
DTYS,07/01/2016,19.04,19.46,18.84,18.9167,11059
DTYS,06/01/2016,19.47,19.52,19.19,19.21,24235
DTYS,05/01/2016,20.11,20.11,19.8,20.03,10609
DTYS,04/01/2016,19.89,20.13,19.65,20.1,26224
DTYS,31/12/2015,20.21,20.4946,20.21,20.27,9508
DTYS,30/12/2015,20.7,20.888,20.59,20.59,61110
DTYS,29/12/2015,20.2,20.75,19.7,20.65,21211
DTYS,28/12/2015,20.04,20.12,18.971,19.87,23606
DTYS,24/12/2015,20.25,20.25,20.0596,20.125,4742
DTYS,23/12/2015,20.39,20.4489,20.18,20.2518,25529
DTYS,22/12/2015,19.84,20.12,19.754,20.035,37205
DTYS,21/12/2015,19.59,19.68,19.16,19.6,89731
DTYS,18/12/2015,19.8455,19.86,19.46,19.72,40786
DTYS,17/12/2015,20.5,20.5399,20.1,20.207,53411
DTYS,16/12/2015,20.33,21,18.67,20.675,130543
DTYS,15/12/2015,20.38,20.419,20.11,20.24,60388
DTYS,14/12/2015,19.36,19.9094,19.29,19.83,82970
DTYS,11/12/2015,19.33,19.42,18.6715,18.94,87239
DTYS,10/12/2015,19.55,20,19.55,19.8501,5996
DTYS,09/12/2015,19.94,20.2799,19.45,19.58,18757
DTYS,08/12/2015,19.73,19.99,19.67,19.815,75421
DTYS,07/12/2015,20.38,20.38,19.79,19.94,18903
DTYS,04/12/2015,20.61,21.0064,18.88,20.465,26593
DTYS,03/12/2015,20.15,21.15,20.15,20.85,71566
DTYS,02/12/2015,19.44,19.65,19.44,19.46,28596
DTYS,01/12/2015,19.77,19.77,19.029,19.12,62036
DTYS,30/11/2015,19.81,19.81,19.71,19.74,8016
DTYS,27/11/2015,20.4,20.4,19.7,19.9,6237
DTYS,25/11/2015,19.88,19.995,19.71,19.9003,9613
DTYS,24/11/2015,19.9824,19.9824,19.8,19.8601,4534
DTYS,23/11/2015,20.29,20.39,20.0138,20.13,6568
DTYS,20/11/2015,19.99,20.2788,19.94,20.276,6959
DTYS,19/11/2015,20.07,20.17,19.98,20.04,25557
DTYS,18/11/2015,20.41,20.5,20.1493,20.351,8165
DTYS,17/11/2015,20.48,20.62,20.05,20.14,29643
DTYS,16/11/2015,20.06,20.2743,19.93,20.2743,22066
DTYS,13/11/2015,20.53,20.53,20.3,20.4,22838
DTYS,12/11/2015,20.71,20.888,20.6607,20.8,9297
DTYS,11/11/2015,20.95,21.0309,20.9,20.933,19881
DTYS,10/11/2015,21.04,21.05,20.547,20.82,21491
DTYS,09/11/2015,21.37,21.49,20.99,21.12,28664
DTYS,06/11/2015,20.88,21.21,20.88,20.96,102825
DTYS,05/11/2015,20.02,20.23,19.93,20.03,45357
DTYS,04/11/2015,19.63,20.05,19.5601,20.03,91094
DTYS,03/11/2015,19.4,19.74,19.4,19.71,52215
DTYS,02/11/2015,19.1,19.355,19.1,19.355,18850
DTYS,30/10/2015,18.99,19.109,18.92,18.9456,7411
DTYS,29/10/2015,18.71,19.1957,18.71,19.1,79844
DTYS,28/10/2015,17.49,18.41,17.485,18.3404,84326
DTYS,27/10/2015,17.45,17.51,17.23,17.4159,26331
DTYS,26/10/2015,17.93,17.93,17.78,17.8,9527
DTYS,23/10/2015,17.94,18.15,17.9284,18.08,46884
DTYS,22/10/2015,17.2924,17.51,17.2924,17.394,5503
DTYS,21/10/2015,17.65,17.65,17.36,17.44,9648
DTYS,20/10/2015,17.84,17.9399,17.7901,17.91,35373
DTYS,19/10/2015,17.35,17.7999,17.35,17.4066,10810
DTYS,16/10/2015,17.1938,17.35,17.19,17.31,5278
DTYS,15/10/2015,17.0299,17.22,16.971,17.0901,18186
DTYS,14/10/2015,16.96,17.12,16.57,16.62,82259
DTYS,13/10/2015,17.48,17.85,17.36,17.36,9789
DTYS,12/10/2015,17.8,17.83,17.5572,17.6228,23403
DTYS,09/10/2015,18.08,18.15,17.95,18.022,14252
DTYS,08/10/2015,17.59,18.01,17.5,17.904,90457
DTYS,07/10/2015,17.61,17.7603,17.52,17.6661,15048
DTYS,06/10/2015,17.61,17.61,17.27,17.367,9848
DTYS,05/10/2015,17.15,17.5839,17.15,17.55,33554
DTYS,02/10/2015,16.77,17.0299,16.0401,16.84,185752
DTYS,01/10/2015,17.52,17.629,17.35,17.55,12424
DTYS,30/09/2015,17.83,17.86,17.56,17.56,49036
DTYS,29/09/2015,17.9,17.958,17.4535,17.55,52106
DTYS,28/09/2015,18.65,18.65,18.0239,18.102,29780
DTYS,25/09/2015,18.98,19.05,18.7,18.81,14953
DTYS,24/09/2015,18.11,18.45,18,18.45,37587
DTYS,23/09/2015,18.72,18.83,18.562,18.6708,9775
DTYS,22/09/2015,18.73,18.85,18.36,18.4201,51114
DTYS,21/09/2015,19.1,19.42,19.0561,19.2397,20924
DTYS,18/09/2015,18.92,19.01,18.5501,18.62,24416
DTYS,17/09/2015,20.4231,20.46,19.25,19.25,19223
DTYS,16/09/2015,20.24,20.5239,20.16,20.4201,7135
DTYS,15/09/2015,19.44,20.31,19.44,20.25,20592
DTYS,14/09/2015,19.07,19.29,18.93,19.16,5353
DTYS,11/09/2015,19.45,19.45,19.14,19.31,5222
DTYS,10/09/2015,19.59,19.87,19.59,19.71,12366
DTYS,09/09/2015,20.04,20.09,19.28,19.43,42104
DTYS,08/09/2015,19.43,19.58,19.3645,19.4801,21626
DTYS,04/09/2015,19.3125,19.32,18.7899,18.99,19640
DTYS,03/09/2015,19.36,19.61,19.24,19.4,18001
DTYS,02/09/2015,19.71,19.73,19.4518,19.64,7138
DTYS,01/09/2015,19.57,19.62,19.32,19.37,21772
DTYS,31/08/2015,19.1,19.87,19.1,19.864,15203
DTYS,28/08/2015,19.25,19.643,18.93,19.5544,7548
DTYS,27/08/2015,19.64,19.87,19.21,19.5555,38087
DTYS,26/08/2015,19.5,19.64,18.96,19.5996,52124
DTYS,25/08/2015,18.625,19.1503,18.625,18.84,29488
DTYS,24/08/2015,17.49,18.43,17.19,18.0601,129537
DTYS,21/08/2015,18.74,18.86,18.3399,18.4853,69082
DTYS,20/08/2015,19.13,19.1301,18.865,18.9495,39667
DTYS,19/08/2015,20.34,20.37,19.14,19.23,39844
DTYS,18/08/2015,20.05,20.16,19.86,20.1,44926
DTYS,17/08/2015,19.71,19.89,19.64,19.89,32797
DTYS,14/08/2015,20.34,20.36,19.95,20.173,51542
DTYS,13/08/2015,19.92,20.15,19.65,20.02,29640
DTYS,12/08/2015,19.31,19.57,18.91,19.57,76867
DTYS,11/08/2015,19.7,19.71,19.313,19.59,62415
DTYS,10/08/2015,20.3001,20.69,20.3001,20.532,13534
DTYS,07/08/2015,20.2601,20.2601,20.01,20.04,12056
DTYS,06/08/2015,20.83,20.83,20.4559,20.52,14028
DTYS,05/08/2015,20.77,21.1306,20.77,20.93,15655
DTYS,04/08/2015,19.84,20.525,19.8267,20.5,18532
DTYS,03/08/2015,20,20.01,19.5177,19.62,52324
DTYS,31/07/2015,20.14,20.1607,19.9,19.915,78383
DTYS,30/07/2015,21.1,21.1,20.8772,20.9,2125
DTYS,29/07/2015,20.87,21.07,20.81,20.8937,16011
DTYS,28/07/2015,20.6399,20.752,20.553,20.6701,13183
DTYS,27/07/2015,20.4,20.52,20.3285,20.34,26791
DTYS,24/07/2015,20.98,21.0401,20.8276,20.8896,30398
DTYS,23/07/2015,21.63,21.63,21.05,21.05,19779
DTYS,22/07/2015,21.55,21.5999,21.35,21.52,18171
DTYS,21/07/2015,22.12,22.12,21.6,21.69,47974
DTYS,20/07/2015,22.05,22.19,21.971,22.0486,7959
DTYS,17/07/2015,21.9,21.9,21.62,21.72,9131
DTYS,16/07/2015,21.97,22.05,21.59,21.61,9569
DTYS,15/07/2015,22.16,22.16,21.4201,21.52,30233
DTYS,14/07/2015,22.02,22.1699,21.9697,22.02,16681
DTYS,13/07/2015,22.59,22.603,22.12,22.4801,48438
DTYS,10/07/2015,21.96,22.25,21.64,22.078,41594
DTYS,09/07/2015,20.85,21.1254,20.69,21.1254,23909
DTYS,08/07/2015,20.47,20.6145,20.06,20.224,23509
DTYS,07/07/2015,20.33,20.82,19.95,20.77,99421
DTYS,06/07/2015,21.08,21.5101,20.96,21.16,96778
DTYS,02/07/2015,21.9955,22.1278,21.7601,22.07,18156
DTYS,01/07/2015,22.58,22.7586,22.3701,22.5761,48860
DTYS,30/06/2015,22.09,22.09,21.5,21.63,40685
DTYS,29/06/2015,22.24,22.3658,21.5,21.56,71766
DTYS,26/06/2015,23.09,23.25,22.99,23.16,41275
DTYS,25/06/2015,22.62,22.78,22.343,22.58,37155
DTYS,24/06/2015,22.48,23.01,22.25,22.27,19160
DTYS,23/06/2015,22.76,22.76,22.23,22.65,19082
DTYS,22/06/2015,21.82,22.26,21.7301,22.2401,21962
DTYS,19/06/2015,21.46,21.47,21.122,21.1799,49292
DTYS,18/06/2015,21.83,22.2199,21.7899,21.949,36052
DTYS,17/06/2015,22.15,22.79,21.65,21.75,69929
DTYS,16/06/2015,22.23,22.32,21.9805,22.01,32550
DTYS,15/06/2015,22.08,22.594,22,22.43,35206
DTYS,12/06/2015,22.96,22.984,22.286,22.8055,19639
DTYS,11/06/2015,23.33,23.47,22.69,22.72,54648
DTYS,10/06/2015,23.5,23.7459,23.31,23.684,118984
DTYS,09/06/2015,22.9882,23.4,22.96,23.21,17119
DTYS,08/06/2015,22.74,22.8127,22.6358,22.78,18913
DTYS,05/06/2015,23.13,23.35,22.72,23.0317,67689
DTYS,04/06/2015,22.38,22.38,21.874,22.09,49243
DTYS,03/06/2015,22.1,22.67,22.072,22.6499,218914
DTYS,02/06/2015,21.17,21.61,21.17,21.51,31631
DTYS,01/06/2015,19.98,20.78,19.98,20.7,18557
DTYS,29/05/2015,20,20.2495,19.82,20.08,45888
DTYS,28/05/2015,20.35,20.45,20.07,20.1899,182120
DTYS,27/05/2015,20.64,20.72,20.29,20.34,13822
DTYS,26/05/2015,21,21.05,20.291,20.33,27836
DTYS,22/05/2015,20.88,21.109,20.88,20.9299,33750
DTYS,21/05/2015,20.74,20.8799,20.54,20.585,17659
DTYS,20/05/2015,21.28,21.4,21.03,21.235,12723
DTYS,19/05/2015,21.7,21.75,21.131,21.64,12431
DTYS,18/05/2015,20.64,21.0438,20.64,20.9401,8626
DTYS,15/05/2015,20.72,20.7238,20.07,20.178,82202
DTYS,14/05/2015,21.28,21.28,20.861,20.96,51224
DTYS,13/05/2015,20.91,21.59,20.88,21.54,36586
DTYS,12/05/2015,21.76,21.87,21.25,21.42,66570
DTYS,11/05/2015,20.75,21.66,20.75,21.54,49116
DTYS,08/05/2015,20.03,20.4889,20,20.3501,38474
DTYS,07/05/2015,21.19,21.22,20.86,20.99,39971
DTYS,06/05/2015,20.97,21.5799,20.97,21.3548,47451
DTYS,05/05/2015,20.55,21.18,20.55,20.81,95707
DTYS,04/05/2015,20.293,20.67,20.25,20.57,41102
DTYS,01/05/2015,20.12,20.549,20.02,20.483,62939
DTYS,30/04/2015,20.22,20.434,19.64,19.6825,209993
DTYS,29/04/2015,19.76,20.01,19.5434,19.6796,56787
DTYS,28/04/2015,18.92,19.19,18.678,19.19,42301
DTYS,27/04/2015,18.57,18.7801,18.43,18.53,51032
DTYS,24/04/2015,18.61,18.61,18.38,18.42,33301
DTYS,23/04/2015,19.19,19.19,18.73,18.92,44308
DTYS,22/04/2015,18.6724,19.28,18.6724,19.28,47062
DTYS,21/04/2015,18.4,18.59,18.355,18.52,20255
DTYS,20/04/2015,18.15,18.369,18.04,18.33,13014
DTYS,17/04/2015,18.37,18.37,17.9,18.09,29704
DTYS,16/04/2015,18.3,18.64,18.04,18.13,25849
DTYS,15/04/2015,18.28,18.41,18.18,18.3764,21455
DTYS,14/04/2015,18.24,18.56,18.08,18.52,47072
DTYS,13/04/2015,19.021,19.12,18.92,18.94,16295
DTYS,10/04/2015,18.85,19.23,18.83,19.1501,27942
DTYS,09/04/2015,18.7535,19.23,18.73,19.1299,43301
DTYS,08/04/2015,18.55,18.79,18.47,18.476,79001
DTYS,07/04/2015,18.66,18.77,18.3805,18.46,53455
DTYS,06/04/2015,17.93,18.5,17.9,18.45,62558
DTYS,02/04/2015,18.48,18.84,18.48,18.84,105589
DTYS,01/04/2015,18.68,18.712,18.33,18.495,108687
DTYS,31/03/2015,19.43,19.48,19.09,19.0901,35162
DTYS,30/03/2015,19.39,19.49,19.28,19.456,52996
DTYS,27/03/2015,19.61,19.61,19.35,19.47,32457
DTYS,26/03/2015,19.49,19.97,19.485,19.9651,76812
DTYS,25/03/2015,18.68,19.25,18.68,19.22,69023
DTYS,24/03/2015,19.12,19.25,18.746,18.75,48879
DTYS,23/03/2015,19.18,19.39,19.14,19.1899,28631
DTYS,20/03/2015,19.52,19.57,19.3366,19.36,165670
DTYS,19/03/2015,19.58,20.11,19.45,19.98,214324
DTYS,18/03/2015,20.53,20.7601,19.1,19.26,95225
DTYS,17/03/2015,20.85,20.93,20.769,20.8532,26645
DTYS,16/03/2015,20.99,21.22,20.51,21.22,84836
DTYS,13/03/2015,21.5,21.83,21.19,21.55,282962
DTYS,12/03/2015,20.95,21.5,20.95,21.3401,30395
DTYS,11/03/2015,21.7201,21.8299,21.4,21.4412,92750
DTYS,10/03/2015,21.63,21.85,21.45,21.633,84410
DTYS,09/03/2015,22.37,22.48,22.222,22.278,41524
DTYS,06/03/2015,22.51,22.85,22.419,22.8,131720
DTYS,05/03/2015,21.54,21.8,21.3101,21.421,48121
DTYS,04/03/2015,21.45,21.75,21.45,21.63,88614
DTYS,03/03/2015,21.46,21.79,21.28,21.71,61416
DTYS,02/03/2015,20.72,21.46,20.67,21.4595,114445
DTYS,27/02/2015,20.84,20.93,20.35,20.41,45388
DTYS,26/02/2015,20.36,21.02,20.29,20.968,37863
DTYS,25/02/2015,20.31,20.39,20.0501,20.173,7314
DTYS,24/02/2015,21.22,21.47,20.16,20.17,257583
DTYS,23/02/2015,21.34,21.345,21.04,21.0502,49974
DTYS,20/02/2015,21.04,21.91,20.75,21.71,70852
DTYS,19/02/2015,21.33,21.63,21.04,21.53,39938
DTYS,18/02/2015,21.75,21.91,20.81,21.19,68391
DTYS,17/02/2015,21.15,22.1199,21.05,21.94,116103
DTYS,13/02/2015,20.64,20.97,20.64,20.968,12603
DTYS,12/02/2015,20.7,21.27,20.41,20.601,405115
DTYS,11/02/2015,20.62,20.88,20.43,20.76,22750
DTYS,10/02/2015,20.64,20.726,20.4001,20.6499,74509
DTYS,09/02/2015,20.02,20.4,20.02,20.39,63505
DTYS,06/02/2015,19.74,20.3799,19.6,20.314,74477
DTYS,05/02/2015,18.5901,18.8404,18.5501,18.7,20422
DTYS,04/02/2015,18.9,19,18.26,18.26,91948
DTYS,03/02/2015,18,18.539,18,18.536,36422
DTYS,02/02/2015,17.79,17.79,17.28,17.5301,42713
DTYS,30/01/2015,18.42,18.42,17.24,17.35,119434
DTYS,29/01/2015,18.36,18.63,18.2494,18.415,38403
DTYS,28/01/2015,18.915,18.915,17.8,17.9899,78572
DTYS,27/01/2015,18.48,19.09,18.39,18.9401,23525
DTYS,26/01/2015,19.075,19.3299,18.95,19.15,15561
DTYS,23/01/2015,19.2,19.2,18.9,18.9,31588
DTYS,22/01/2015,19,19.839,19,19.69,30174
DTYS,21/01/2015,18.77,19.4,18.52,19.31,14968
DTYS,20/01/2015,18.69,18.93,18.25,18.75,15170
DTYS,16/01/2015,18.21,18.889,18.09,18.889,66717
DTYS,15/01/2015,18.92,18.9283,17.799,17.799,45213
DTYS,14/01/2015,18.69,19.094,18.55,19.022,103863
DTYS,13/01/2015,20,20.08,19.37,19.61,58131
DTYS,12/01/2015,20.25,20.25,19.81,19.88,36365
DTYS,09/01/2015,20.85,20.85,20.16,20.37,57468
DTYS,08/01/2015,21,21.23,21,21.15,20886
DTYS,07/01/2015,21,21.115,20.51,20.57,174609
DTYS,06/01/2015,21.02,21.02,19.86,20.63,257669
DTYS,05/01/2015,22,22,21.43,21.55,166051
DTYS,02/01/2015,22.73,22.73,22.15,22.31,48711
DTYS,31/12/2014,22.89,22.97,22.737,22.88,36953
DTYS,30/12/2014,22.95,23.11,22.81,23.04,48315
DTYS,29/12/2014,23.4,23.427,23.14,23.3199,27616
DTYS,26/12/2014,23.75,23.88,23.75,23.7746,10029
DTYS,24/12/2014,24.01,24.2,23.844,23.844,43139
DTYS,23/12/2014,23.22,23.79,23.1608,23.71,37052
DTYS,22/12/2014,22.88,23.08,22.82,22.88,164712
DTYS,19/12/2014,23.02,23.0905,22.8001,22.9144,34291
DTYS,18/12/2014,23.23,23.32,23.1001,23.24,68524
DTYS,17/12/2014,21.7,22.52,21.67,22.52,50876
DTYS,16/12/2014,21.45,21.97,21.43,21.53,102662
DTYS,15/12/2014,22.15,22.22,21.85,22.2199,80712
DTYS,12/12/2014,22.08,22.264,21.59,21.67,149721
DTYS,11/12/2014,22.55,23,22.55,22.65,60401
DTYS,10/12/2014,23.01,23.01,22.22,22.3,452698
DTYS,09/12/2014,23.02,23.18,22.7501,23.02,113448
DTYS,08/12/2014,23.91,23.99,23.34,23.56,54155
DTYS,05/12/2014,23.56,24.12,23.56,23.9,121373
DTYS,04/12/2014,23.42,23.49,23.04,23.06,37760
DTYS,03/12/2014,23.42,23.54,23.38,23.44,37542
DTYS,02/12/2014,23.05,23.34,23.05,23.34,29823
DTYS,01/12/2014,22.04,22.66,21.958,22.5863,76035
DTYS,28/11/2014,22.79,22.79,22.5,22.5,13286
DTYS,26/11/2014,22.99,22.99,22.8,22.96,60904
DTYS,25/11/2014,23.66,23.66,23.12,23.21,43058
DTYS,24/11/2014,23.97,23.97,23.52,23.52,28673
DTYS,21/11/2014,23.8605,23.8605,23.79,23.81,10148
DTYS,20/11/2014,23.75,24.07,23.7,23.97,23770
DTYS,19/11/2014,24.23,24.28,23.85,24.2001,32020
DTYS,18/11/2014,23.99,23.99,23.8101,23.9,16441
DTYS,17/11/2014,23.7,24.08,23.65,24.04,13035
DTYS,14/11/2014,24.2,24.2199,23.7,23.84,17921
DTYS,13/11/2014,24.19,24.23,24,24.04,43330
DTYS,12/11/2014,24.02,24.32,23.92,24.3,21489
DTYS,11/11/2014,24.38,24.56,24.311,24.43,7285
DTYS,10/11/2014,23.77,24.32,23.77,24.27,9120
DTYS,07/11/2014,24.32,24.32,23.76,23.77,19188
DTYS,06/11/2014,24.42,24.63,24.21,24.63,35758
DTYS,05/11/2014,24.4,24.47,24.22,24.236,15070
DTYS,04/11/2014,24.2,24.27,23.988,24.242,16323
DTYS,03/11/2014,24.2,24.694,24.2,24.3105,38790
DTYS,31/10/2014,24.05,24.29,24.05,24.09,8693
DTYS,30/10/2014,24.197,24.197,23.5,23.89,9072
DTYS,29/10/2014,23.67,24.4,23.67,24.09,61567
DTYS,28/10/2014,23.3301,23.54,23.3301,23.5,7116
DTYS,27/10/2014,23.27,23.27,23.081,23.18,4598
DTYS,24/10/2014,23.25,23.3816,23.07,23.356,40016
DTYS,23/10/2014,23.28,23.6,23.1925,23.362,43596
DTYS,22/10/2014,22.97,23.1,22.768,22.768,18852
DTYS,21/10/2014,22.75,22.802,22.45,22.72,29588
DTYS,20/10/2014,22.32,22.48,22.2,22.33,19982
DTYS,17/10/2014,22.5,22.79,22.355,22.56,48745
DTYS,16/10/2014,21,22.3462,21,22.21,177068
DTYS,15/10/2014,20.8,22.07,20,21.87,304814
DTYS,14/10/2014,22.87,23.1099,22.7,22.72,23751
DTYS,13/10/2014,23.4,23.49,23,23.0128,61415
DTYS,10/10/2014,24,24.07,23.82,23.86,35605
DTYS,09/10/2014,24,24.2,23.87,24.16,72235
DTYS,08/10/2014,24.55,24.725,23.9,23.9763,50993
DTYS,07/10/2014,25.04,25.14,24.58,24.64,81505
DTYS,06/10/2014,25.71,25.72,25.25,25.35,34556
DTYS,03/10/2014,25.92,26.2,25.71,25.71,53676
DTYS,02/10/2014,25.28,25.62,25.06,25.61,27451
DTYS,01/10/2014,25.84,25.84,25.2425,25.2425,122951
DTYS,30/09/2014,26.36,26.3725,26.18,26.3725,5148
DTYS,29/09/2014,26.26,26.2799,26.121,26.25,43231
DTYS,26/09/2014,26.5801,26.7916,26.5801,26.64,22915
DTYS,25/09/2014,26.69,26.69,26.21,26.21,44414
DTYS,24/09/2014,26.65,26.93,26.5219,26.91,14566
DTYS,23/09/2014,26.73,26.81,26.5447,26.59,14754
DTYS,22/09/2014,27.08,27.09,26.7501,26.82,43550
DTYS,19/09/2014,27.37,27.55,27.2,27.23,33411
DTYS,18/09/2014,27.61,27.72,27.5201,27.55,32351
DTYS,17/09/2014,26.73,27.48,26.51,27.43,67943
DTYS,16/09/2014,26.93,27.08,26.78,27.02,106894
DTYS,15/09/2014,27.01,27.1,26.9501,27.03,42180
DTYS,12/09/2014,27.11,27.34,26.98,27.3,110590
DTYS,11/09/2014,26.48,26.81,26.45,26.8,85216
DTYS,10/09/2014,26.72,26.72,26.53,26.69,31094
DTYS,09/09/2014,26.37,26.498,26.282,26.375,115754
DTYS,08/09/2014,25.61,26.13,25.51,26.1,35311
DTYS,05/09/2014,25.53,25.9104,25.41,25.86,25127
DTYS,04/09/2014,25.63,26.07,25.61,26.02,73246
DTYS,03/09/2014,25.91,25.958,25.5701,25.62,46901
DTYS,02/09/2014,25.47,25.72,25.43,25.7,64790
DTYS,29/08/2014,25.04,25.07,24.8301,25.04,43392
DTYS,28/08/2014,24.85,25.07,24.81,24.93,56208
DTYS,27/08/2014,25.22,25.32,25.07,25.148,22754
DTYS,26/08/2014,25.24,25.74,25.24,25.47,49196
DTYS,25/08/2014,25.53,25.6999,25.504,25.53,35749
DTYS,22/08/2014,25.53,25.92,25.45,25.58,74957
DTYS,21/08/2014,25.53,25.585,25.3201,25.47,25578
DTYS,20/08/2014,25.26,25.7199,25.22,25.64,42832
DTYS,19/08/2014,24.79,25.22,24.77,25.16,21899
DTYS,18/08/2014,24.95,25.05,24.865,25.04,127292
DTYS,15/08/2014,25.16,25.16,24.18,24.68,131623
DTYS,14/08/2014,24.98,25.22,24.912,25.12,85544
DTYS,13/08/2014,25.5225,25.528,25.21,25.29,66530
DTYS,12/08/2014,25.66,25.78,25.54,25.76,65595
DTYS,11/08/2014,25.62,25.75,25.52,25.66,31322
DTYS,08/08/2014,25.26,25.63,25.03,25.6,61944
DTYS,07/08/2014,26.22,26.27,25.52,25.54,64438
DTYS,06/08/2014,25.95,26.16,25.93,26.14,46010
DTYS,05/08/2014,26.41,26.65,26.15,26.29,23691
DTYS,04/08/2014,26.19,26.34,26.08,26.28,41469
DTYS,01/08/2014,26.81,27,26.3001,26.41,57783
DTYS,31/07/2014,27.55,27.6289,27.131,27.3021,30264
DTYS,30/07/2014,27.02,27.4,26.92,27.27,99908
DTYS,29/07/2014,26.35,26.58,26.27,26.32,37433
DTYS,28/07/2014,26.5199,26.72,26.35,26.56,16363
DTYS,25/07/2014,26.54,26.62,26.35,26.41,21212
DTYS,24/07/2014,26.59,26.86,26.59,26.86,16673
DTYS,23/07/2014,26.16,26.32,26.0957,26.27,47853
DTYS,22/07/2014,26.33,26.57,26.23,26.29,26535
DTYS,21/07/2014,26.38,26.47,26.083,26.43,27824
DTYS,18/07/2014,26.2,26.57,26.2,26.45,27644
DTYS,17/07/2014,26.5,26.7225,26.0408,26.11,72391
DTYS,16/07/2014,26.99,27.05,26.8801,26.93,13799
DTYS,15/07/2014,26.89,27.13,26.5903,26.95,22760
DTYS,14/07/2014,26.65,26.87,26.65,26.81,27967
DTYS,11/07/2014,26.4311,26.54,26.29,26.49,34908
DTYS,10/07/2014,26.39,26.7,26.27,26.67,59813
DTYS,09/07/2014,27.286,27.47,26.84,26.85,16131
DTYS,08/07/2014,27.25,27.25,26.99,27.11,24527
DTYS,07/07/2014,27.78,27.78,27.58,27.64,5976
DTYS,03/07/2014,28.07,28.1645,27.8,27.84,30041
DTYS,02/07/2014,27.35,27.59,27.34,27.5,21313
DTYS,01/07/2014,26.9,27.04,26.7901,27.03,85053
DTYS,30/06/2014,26.61,26.85,26.58,26.64,19074
DTYS,27/06/2014,26.549,26.696,26.45,26.65,19214
DTYS,26/06/2014,26.8,26.87,26.6299,26.79,25584
DTYS,25/06/2014,26.88,27.0772,26.74,27.03,48077
DTYS,24/06/2014,27.48,27.6499,27.3,27.3,16287
DTYS,23/06/2014,27.45,27.72,27.42,27.7,23250
DTYS,20/06/2014,27.94,27.97,27.65,27.8199,7198
DTYS,19/06/2014,27.26,27.9423,27.2,27.65,21212
DTYS,18/06/2014,28.02,28.24,27.59,27.6499,22316
DTYS,17/06/2014,28,28.3,28,28.27,21718
DTYS,16/06/2014,27.7,27.85,27.61,27.6916,8729
DTYS,13/06/2014,28.13,28.13,27.63,27.66,13268
DTYS,12/06/2014,27.85,27.8784,27.38,27.38,13635
DTYS,11/06/2014,28.03,28.05,27.9205,27.929,6953
DTYS,10/06/2014,28.05,28.15,28.03,28.15,24459
DTYS,09/06/2014,27.88,28,27.85,27.89,14475
DTYS,06/06/2014,27.27,27.69,27.22,27.68,12634
DTYS,05/06/2014,27.72,27.72,27.3699,27.45,16235
DTYS,04/06/2014,27.56,27.85,27.49,27.77,21271
DTYS,03/06/2014,27.22,27.62,27.18,27.6,39604
DTYS,02/06/2014,26.76,27.07,26.684,26.952,30735
DTYS,30/05/2014,26.36,26.52,26.2072,26.36,25093
DTYS,29/05/2014,25.9,26.24,25.5395,26.24,54721
DTYS,28/05/2014,26.26,26.26,25.82,25.98,52180
DTYS,27/05/2014,26.88,26.99,26.7,26.72,11462
DTYS,23/05/2014,26.88,26.88,26.7774,26.844,15039
DTYS,22/05/2014,27,27.074,26.91,27.05,17857
DTYS,21/05/2014,26.92,27.03,26.804,26.83,40668
DTYS,20/05/2014,26.78,26.83,26.5399,26.61,9325
DTYS,19/05/2014,26.73,27,26.53,26.99,144780
DTYS,16/05/2014,26.96,27,26.7,26.99,307654
DTYS,15/05/2014,26.98,27.161,26.45,26.76,217815
DTYS,14/05/2014,27.49,27.49,26.87,27.14,76199
DTYS,13/05/2014,27.88,27.94,27.76,27.79,18852
DTYS,12/05/2014,28.13,28.32,28.1,28.3,37890
DTYS,09/05/2014,27.97,28,27.9,27.96,18377
DTYS,08/05/2014,27.99,28.13,27.7978,27.91,53179
DTYS,07/05/2014,28.37,28.38,28.071,28.21,32575
DTYS,06/05/2014,28.45,28.58,28.3001,28.4,18420
DTYS,05/05/2014,28.65,28.65,28.18,28.55,12878
DTYS,02/05/2014,29,29.08,28.1,28.42,23210
DTYS,01/05/2014,28.81,28.81,28.25,28.47,68446
DTYS,30/04/2014,29,29.13,28.7,28.75,37791
DTYS,29/04/2014,29.5,29.52,29.202,29.202,5493
DTYS,28/04/2014,29.46,29.57,29.0701,29.42,8059
DTYS,25/04/2014,29.17,29.2399,28.95,29.192,3867
DTYS,24/04/2014,29.4405,29.53,29.21,29.4263,105688
DTYS,23/04/2014,29.48,29.49,29.2,29.38,4284
DTYS,22/04/2014,29.8,29.88,29.69,29.69,15674
DTYS,21/04/2014,29.5,29.5888,29.36,29.57,19560
DTYS,17/04/2014,28.97,29.8109,28.97,29.68,53836
DTYS,16/04/2014,28.78,28.85,28.6807,28.82,21301
DTYS,15/04/2014,28.72,28.74,28.15,28.49,26985
DTYS,14/04/2014,28.52,28.64,28.36,28.57,14864
DTYS,11/04/2014,28.15,28.391,28.12,28.24,25561
DTYS,10/04/2014,28.95,28.95,28.1,28.472,69394
DTYS,09/04/2014,29.55,29.63,29,29.0999,20457
DTYS,08/04/2014,29.4,29.62,29.17,29.2,12185
DTYS,07/04/2014,29.5,29.53,29.3,29.53,19920
DTYS,04/04/2014,30.23,30.23,29.71,29.791,37595
DTYS,03/04/2014,30.75,30.8,30.59,30.702,13940
DTYS,02/04/2014,30.57,30.8259,30.57,30.77,31069
DTYS,01/04/2014,30.12,30.271,30.07,30.194,6764
DTYS,31/03/2014,30.38,30.39,29.94,29.95,14842
DTYS,28/03/2014,29.711,30.03,29.711,29.96,3928
DTYS,27/03/2014,29.6,29.6,29.4284,29.5306,6915
DTYS,26/03/2014,29.99,29.99,29.5,29.56,5402
DTYS,25/03/2014,30.19,30.2,29.87,30.13,17355
DTYS,24/03/2014,30.42,30.42,29.94,30.03,41193
DTYS,21/03/2014,30.1051,30.16,29.931,29.9809,13279
DTYS,20/03/2014,30.0724,30.24,30.0446,30.134,25673
DTYS,19/03/2014,28.7504,30.38,28.7504,30.05,33827
DTYS,18/03/2014,28.8899,28.8899,28.6,28.658,12125
DTYS,17/03/2014,28.7219,28.91,28.61,28.91,8395
DTYS,14/03/2014,28.23,28.64,28.21,28.4101,30493
DTYS,13/03/2014,29.6,29.6,28.3631,28.376,36105
DTYS,12/03/2014,29.22,29.299,29.08,29.14,20767
DTYS,11/03/2014,29.8,29.91,29.57,29.63,22124
DTYS,10/03/2014,29.7498,29.84,29.68,29.7894,16102
DTYS,07/03/2014,29.99,30.1,29.81,29.9,58154
DTYS,06/03/2014,29.44,29.44,29.2093,29.32,15127
DTYS,05/03/2014,29.15,29.2,28.7864,28.81,6301
DTYS,04/03/2014,28.48,28.95,28.4746,28.95,21093
DTYS,03/03/2014,28.29,28.29,27.92,27.98,25253
DTYS,28/02/2014,28.66,28.95,28.56,28.56,10464
DTYS,27/02/2014,28.4,28.48,28.294,28.37,13208
DTYS,26/02/2014,28.95,28.95,28.5201,28.5613,13797
DTYS,25/02/2014,28.99,28.99,28.8902,28.9305,11011
DTYS,24/02/2014,29.18,29.5,29.18,29.3801,25531
DTYS,21/02/2014,29.4255,29.4736,29.201,29.21,3921
DTYS,20/02/2014,29.25,29.5104,29.14,29.3,47337
DTYS,19/02/2014,28.44,29.09,28.43,29.06,11713
DTYS,18/02/2014,28.95,28.96,28.6104,28.81,18483
DTYS,14/02/2014,29.03,29.2899,29.03,29.228,2388
DTYS,13/02/2014,29.13,29.2299,28.97,29.03,17623
DTYS,12/02/2014,29.58,29.856,29.58,29.7016,9369
DTYS,11/02/2014,29.28,29.37,29.2099,29.31,12317
DTYS,10/02/2014,28.87,28.87,28.68,28.8,9129
DTYS,07/02/2014,29.08,29.08,28.6,28.83,16504
DTYS,06/02/2014,29.15,29.325,29.15,29.2161,16128
DTYS,05/02/2014,28.649,28.9578,28.6335,28.9578,11306
DTYS,04/02/2014,28.61,28.66,28.4933,28.5499,26022
DTYS,03/02/2014,29.07,29.17,28.18,28.18,210469
DTYS,31/01/2014,29.02,29.1865,28.8301,28.88,40515
DTYS,30/01/2014,29.65,29.6604,29.41,29.5,22750
DTYS,29/01/2014,29.49,29.69,29.16,29.31,216299
DTYS,28/01/2014,30.03,30.26,29.97,29.99,36601
DTYS,27/01/2014,30.1437,30.29,29.8139,30.26,67174
DTYS,24/01/2014,29.89,30.12,29.6,29.91,65027
DTYS,23/01/2014,30.77,30.81,30.22,30.389,64154
DTYS,22/01/2014,31.26,31.38,31.15,31.3398,28806
DTYS,21/01/2014,31.02,31.02,30.77,30.88,38701
DTYS,17/01/2014,30.96,31.09,30.69,30.698,47844
DTYS,16/01/2014,30.981,31.05,30.89,30.9836,33023
DTYS,15/01/2014,31.64,31.65,31.31,31.3401,32347
DTYS,14/01/2014,30.82,31.18,30.74,31.13,61245
DTYS,13/01/2014,30.84,30.85,30.49,30.61,36291
DTYS,10/01/2014,31.4,31.41,30.8601,30.98,76281
DTYS,09/01/2014,32.37,32.54,32.19,32.22,43696
DTYS,08/01/2014,32.3,32.5786,32.29,32.55,43873
DTYS,07/01/2014,31.95,32.0277,31.7404,31.83,28761
DTYS,06/01/2014,32.2587,32.31,31.8701,32,65923
DTYS,03/01/2014,32.465,32.49,32.14,32.485,17166
DTYS,02/01/2014,32.6614,32.6614,32.29,32.33,23448
DTYS,31/12/2013,32.63,32.909,32.53,32.87,78764
DTYS,30/12/2013,32.51,32.53,32.271,32.29,66308
DTYS,27/12/2013,32.71,32.7372,32.551,32.68,43010
DTYS,26/12/2013,32.69,32.789,32.5801,32.699,26421
DTYS,24/12/2013,32.46,32.65,32.38,32.62,43675
DTYS,23/12/2013,31.82,32.1,31.787,32.05,172193
DTYS,20/12/2013,31.79,31.87,31.55,31.686,42034
DTYS,19/12/2013,31.81,32,31.72,31.824,85053
DTYS,18/12/2013,31.0658,31.5,30.36,31.1166,80850
DTYS,17/12/2013,30.98,30.98,30.6,30.614,29244
DTYS,16/12/2013,30.79,31.1545,30.736,31.06,93280
DTYS,13/12/2013,31.01,31.13,30.981,31.06,30001
DTYS,12/12/2013,31,31.199,30.9,31.14,50301
DTYS,11/12/2013,30.5,30.6694,30.378,30.6401,18102
DTYS,10/12/2013,30.36,30.47,30.17,30.244,27163
DTYS,09/12/2013,30.81,30.8972,30.65,30.84,41661
DTYS,06/12/2013,31.14,31.14,30.6651,30.91,37312
DTYS,05/12/2013,30.88,30.981,30.67,30.96,34028
DTYS,04/12/2013,30.7,30.76,30.463,30.5598,26575
DTYS,03/12/2013,29.95,30.0499,29.78,30.012,18285
DTYS,02/12/2013,30,30.4,29.99,30.2199,40387
DTYS,29/11/2013,29.65,29.75,29.56,29.616,13562
DTYS,27/11/2013,29.5316,29.82,29.48,29.48,13191
DTYS,26/11/2013,29.43,29.43,29.05,29.18,18101
DTYS,25/11/2013,29.5756,29.5816,29.481,29.508,373181
DTYS,22/11/2013,29.9,29.9,29.63,29.63,13664
DTYS,21/11/2013,30.33,30.51,29.898,29.98,21571
DTYS,20/11/2013,29.4,30.086,29.27,30.001,46799
DTYS,19/11/2013,29.3399,29.5282,29.22,29.52,21674
DTYS,18/11/2013,29.3,29.3212,28.9601,28.972,43532
DTYS,15/11/2013,29.3236,29.52,29.3101,29.41,25625
DTYS,14/11/2013,29.85,29.8558,29.26,29.33,21603
DTYS,13/11/2013,30.21,30.26,29.9104,30.04,26287
DTYS,12/11/2013,30.54,30.6854,30.3995,30.65,37093
DTYS,11/11/2013,30.42,30.42,30.3599,30.4131,15248
DTYS,08/11/2013,30.23,30.4199,30.162,30.37,42227
DTYS,07/11/2013,29,29.0415,28.8618,28.9915,11524
DTYS,06/11/2013,29.47,29.47,29.23,29.2717,9333
DTYS,05/11/2013,29.63,29.9599,29.59,29.75,27574
DTYS,04/11/2013,29.29,29.3032,29.12,29.25,16785
DTYS,01/11/2013,29.07,29.59,29.07,29.56,571158
DTYS,31/10/2013,28.36,29.05,28.3,28.8,38055
DTYS,30/10/2013,28.2,28.721,27.89,28.5804,28348
DTYS,29/10/2013,28.62,28.62,28.31,28.31,8150
DTYS,28/10/2013,28.5192,28.569,28.4001,28.54,8839
DTYS,25/10/2013,28.62,28.62,28.37,28.45,28441
DTYS,24/10/2013,28.37,28.74,28.3355,28.72,787407
DTYS,23/10/2013,28.58,28.58,28.181,28.49,63769
DTYS,22/10/2013,28.87,28.87,28.51,28.58,154672
DTYS,21/10/2013,29.45,29.61,29.45,29.519,16397
DTYS,18/10/2013,29.18,29.4,29.1444,29.359,61965
DTYS,17/10/2013,29.55,29.5667,29.191,29.3697,55079
DTYS,16/10/2013,30.9483,31.059,30.06,30.06,212504
DTYS,15/10/2013,31,31,30.4555,30.719,41166
DTYS,14/10/2013,30.2799,30.91,30.1801,30.8,30671
DTYS,11/10/2013,30.12,30.38,29.9978,30.38,21334
DTYS,10/10/2013,30.69,30.84,30.47,30.528,27122
DTYS,09/10/2013,30.0938,30.31,30.0707,30.25,13644
DTYS,08/10/2013,30.18,30.219,29.95,30.19,40424
DTYS,07/10/2013,29.8,30.11,29.792,30.07,19395
DTYS,04/10/2013,29.9756,30.34,29.95,30.27,32431
DTYS,03/10/2013,30.061,30.061,29.5,29.75,8812
DTYS,02/10/2013,29.96,30.022,29.65,29.9,19839
DTYS,01/10/2013,30,30.32,30,30.32,29661
DTYS,30/09/2013,29.96,30.211,29.89,29.89,17650
DTYS,27/09/2013,30.12,30.12,29.89,30.051,17474
DTYS,26/09/2013,30.47,30.589,30.379,30.39,5227
DTYS,25/09/2013,30.59,30.6,30.1201,30.18,46550
DTYS,24/09/2013,30.81,30.9598,30.4368,30.578,36978
DTYS,23/09/2013,31.41,31.41,31.01,31.04,2779155
DTYS,20/09/2013,31.51,31.67,31.3,31.466,33146
DTYS,19/09/2013,31.09,31.612,31.08,31.5999,100805
DTYS,18/09/2013,33.05,33.38,30.6601,31.079,155142
DTYS,17/09/2013,32.83,33.081,32.83,32.93,22675
DTYS,16/09/2013,32.33,33.2199,32.22,33.2,281620
DTYS,13/09/2013,33.77,33.77,33.588,33.68,26088
DTYS,12/09/2013,33.54,33.912,33.41,33.8538,31999
DTYS,11/09/2013,34.2,34.4314,33.84,33.88,28640
DTYS,10/09/2013,34.58,34.666,34.3,34.65,37031
DTYS,09/09/2013,33.84,34.14,33.84,34.08,28007
DTYS,06/09/2013,34.69,34.82,33.93,34.46,138302
DTYS,05/09/2013,34.91,35.3899,34.7501,35.3699,64738
DTYS,04/09/2013,33.8,34.3895,33.68,34.3188,53923
DTYS,03/09/2013,33.37,34.398,33.37,33.82,107850
DTYS,30/08/2013,32.63,33.1101,32.63,33.1,37974
DTYS,29/08/2013,33.23,33.26,32.6,32.73,17336
DTYS,28/08/2013,32.75,33.114,32.68,32.94,54711
DTYS,27/08/2013,32.59,32.7495,32.221,32.345,67009
DTYS,26/08/2013,33.05,33.28,33.05,33.11,26674
DTYS,23/08/2013,34.39,34.47,33.31,33.48,88872
DTYS,22/08/2013,34.12,34.4499,33.87,34.25,67397
DTYS,21/08/2013,33.34,34.07,33.13,34.07,76192
DTYS,20/08/2013,33.34,33.34,33.13,33.16,109238
DTYS,19/08/2013,33.7199,33.9999,33.67,33.85,37481
DTYS,16/08/2013,32.85,33.73,32.85,33.3999,28505
DTYS,15/08/2013,33.07,33.3399,32.66,32.888,38277
DTYS,14/08/2013,32.45,32.45,32.3,32.3,6619
DTYS,13/08/2013,32.05,32.5813,32.05,32.5099,15619
DTYS,12/08/2013,30.81,31.25,30.81,31.25,36073
DTYS,09/08/2013,31.1241,31.15,30.92,30.95,3290
DTYS,08/08/2013,31.05,31.06,30.9,31.05,31934
DTYS,07/08/2013,31.46,31.49,31.15,31.17,9040
DTYS,06/08/2013,31.68,31.7743,31.539,31.59,36907
DTYS,05/08/2013,31.5292,31.77,31.5292,31.6068,10650
DTYS,02/08/2013,31.86,31.86,31.2759,31.3184,30531
DTYS,01/08/2013,32.06,32.84,32.0301,32.73,43149
DTYS,31/07/2013,32.38,32.55,31.3,31.33,61180
DTYS,30/07/2013,31.27,31.55,31.19,31.5099,54127
DTYS,29/07/2013,31.43,31.45,31.3424,31.3424,7231
DTYS,26/07/2013,31.0899,31.26,31.0899,31.12,14947
DTYS,25/07/2013,31.85,31.91,31.25,31.25,24769
DTYS,24/07/2013,31.43,31.91,31.33,31.51,36358
DTYS,23/07/2013,30.82,30.97,30.6601,30.68,14261
DTYS,22/07/2013,30.53,30.57,30.39,30.53,13991
DTYS,19/07/2013,30.8,30.85,30.55,30.59,29083
DTYS,18/07/2013,30.62,31.26,30.587,31.24,54710
DTYS,17/07/2013,30.4,30.74,30.3101,30.5575,46464
DTYS,16/07/2013,31.27,31.36,31.03,31.178,23314
DTYS,15/07/2013,31.54,31.54,31.27,31.27,40269
DTYS,12/07/2013,31.15,31.81,31.05,31.7281,56639
DTYS,11/07/2013,31.94,31.97,31.55,31.55,90731
DTYS,10/07/2013,32.8,33.19,32.584,33.1201,54259
DTYS,09/07/2013,32.82,32.919,32.6301,32.75,48026
DTYS,08/07/2013,33.44,33.45,33,33.07,52916
DTYS,05/07/2013,33.4,33.94,33.3601,33.94,42161
DTYS,03/07/2013,31.32,31.572,31.08,31.572,18099
DTYS,02/07/2013,31.3501,31.5072,31.17,31.32,12642
DTYS,01/07/2013,32.28,32.45,31.229,31.24,88201
DTYS,28/06/2013,31.75,31.94,31.3838,31.569,17676
DTYS,27/06/2013,31.37,31.65,31.1001,31.21,51991
DTYS,26/06/2013,31.57,32.15,31.55,31.84,144147
DTYS,25/06/2013,32.02,32.62,31.86,32.38,170063
DTYS,24/06/2013,32.94,41.07,31.8001,32.44,1059419
DTYS,21/06/2013,30.73,31.8099,30.66,31.75,121684
DTYS,20/06/2013,30.44,30.8299,30.1901,30.4337,217289
DTYS,19/06/2013,28.27,30.155,27.93,29.96,44212
DTYS,18/06/2013,28.14,28.17,27.7701,27.92,3866
DTYS,17/06/2013,27.24,27.82,27.24,27.75,14888
DTYS,14/06/2013,27.4,27.45,27.1974,27.26,15896
DTYS,13/06/2013,28.42,28.44,27.66,27.71,15795
DTYS,12/06/2013,28.69,28.76,28.24,28.76,25297
DTYS,11/06/2013,29,29.15,28.289,28.29,58232
DTYS,10/06/2013,28.45,28.8,28.39,28.518,63046
DTYS,07/06/2013,27.6326,28.23,27.5003,28.23,20221
DTYS,06/06/2013,27.48,27.57,26.5,27.11,3325
DTYS,05/06/2013,27.59,27.6,27.3,27.3901,7365
DTYS,04/06/2013,27.8056,27.9399,27.6596,27.81,10622
DTYS,03/06/2013,28.16,28.45,27.04,27.5775,8650
DTYS,31/05/2013,27.28,28.321,27.28,27.8399,32150
DTYS,30/05/2013,27.51,27.59,27.4,27.48,10747
DTYS,29/05/2013,27.45,27.94,27.411,27.42,41220
DTYS,28/05/2013,26.99,27.8801,26.99,27.8801,71453
DTYS,24/05/2013,26.45,26.62,26.166,26.62,8095
DTYS,23/05/2013,26.3251,26.74,26.3251,26.494,7978
DTYS,22/05/2013,25.28,26.73,25.28,26.7,42410
DTYS,21/05/2013,26.15,26.15,25.68,25.68,6436
DTYS,20/05/2013,25.69,26.102,25.43,25.89,116761
DTYS,17/05/2013,25.42,25.9,25.3947,25.8848,8900
DTYS,16/05/2013,25.161,25.24,25.116,25.24,11000
DTYS,15/05/2013,25.8,26.129,25.69,25.9,8876
DTYS,14/05/2013,25.58,26.17,25.55,26.17,23215
DTYS,13/05/2013,25.71,25.8,25.68,25.784,7129
DTYS,10/05/2013,25.11,25.7848,25.11,25.54,24853
DTYS,09/05/2013,24.76,24.849,24.5,24.849,14034
DTYS,08/05/2013,24.836,24.847,24.6601,24.78,7098
DTYS,07/05/2013,24.94,24.996,24.86,24.9552,7749
DTYS,06/05/2013,24.64,24.89,24.64,24.82,7523
DTYS,03/05/2013,24.27,24.7644,24.27,24.656,10925
DTYS,02/05/2013,23.6916,23.73,23.6,23.6484,9937
DTYS,01/05/2013,23.73,23.759,23.55,23.66,18648
DTYS,30/04/2013,23.75,24.01,23.57,23.98,11561
DTYS,29/04/2013,23.86,23.9499,23.83,23.9,7519
DTYS,26/04/2013,24.1,24.12,23.9,23.96,11842
DTYS,25/04/2013,24.564,24.564,24.46,24.46,3476
DTYS,24/04/2013,24.4001,24.4001,24.26,24.34,23015
DTYS,23/04/2013,24.21,24.44,23.94,24.44,680942
DTYS,22/04/2013,24.269,24.41,24.269,24.39,4281
DTYS,19/04/2013,24.44,24.56,24.44,24.44,6906
DTYS,18/04/2013,24.31,24.391,24.3,24.3,10985
DTYS,17/04/2013,24.61,24.61,24.2,24.39,10871
DTYS,16/04/2013,24.6655,24.6884,24.549,24.609,7521
DTYS,15/04/2013,24.49,24.5602,24.3899,24.3899,7821
DTYS,12/04/2013,24.57,24.76,24.4702,24.5199,13863
DTYS,11/04/2013,25.09,25.1764,25.01,25.12,10617
DTYS,10/04/2013,25,25.234,25,25.234,15923
DTYS,09/04/2013,24.54,24.759,24.54,24.7199,22268
DTYS,08/04/2013,24.53,24.82,24.38,24.787,9480
DTYS,05/04/2013,24.35,24.47,24.16,24.47,27866
DTYS,04/04/2013,25.05,25.05,24.7,24.76,27486
DTYS,03/04/2013,25.5,25.5,25.138,25.23,16163
DTYS,02/04/2013,25.82,25.87,25.77,25.83,22191
DTYS,01/04/2013,25.83,25.83,25.4129,25.55,40278
DTYS,28/03/2013,25.62,25.86,25.52,25.86,14693
DTYS,27/03/2013,25.62,25.66,25.4,25.6,52333
DTYS,26/03/2013,26.55,26.55,26.08,26.1525,17304
DTYS,25/03/2013,26.53,26.5691,26.14,26.24,10595
DTYS,22/03/2013,26.44,26.56,26.3102,26.39,5603
DTYS,21/03/2013,26.3601,26.529,26.36,26.4799,104817
DTYS,20/03/2013,26.68,26.7,26.4401,26.7,529200
DTYS,19/03/2013,26.513,26.513,26.1123,26.35,22815
DTYS,18/03/2013,26.72,26.83,26.65,26.696,11294
DTYS,15/03/2013,27.5,27.5,27.12,27.15,27623
DTYS,14/03/2013,28.1241,28.1241,27.5718,27.63,5768
DTYS,13/03/2013,27.84,27.92,27.6658,27.69,19432
DTYS,12/03/2013,27.71,27.729,27.5645,27.65,16826
DTYS,11/03/2013,27.8,28.02,27.8,28.02,9498
DTYS,08/03/2013,28.14,28.1437,27.86,27.99,94982
DTYS,07/03/2013,27.07,27.399,27.07,27.369,10837
DTYS,06/03/2013,26.81,26.81,26.64,26.7411,8759
DTYS,05/03/2013,26.4,26.5146,26.36,26.374,14570
DTYS,04/03/2013,26.11,26.2499,26.0436,26.198,11966
DTYS,01/03/2013,25.98,26.0851,25.9299,26.0326,31018
DTYS,28/02/2013,26.32,26.4799,26.3,26.31,13778
DTYS,27/02/2013,26.08,27.19,26.08,27.19,13729
DTYS,26/02/2013,26.35,26.469,26.173,26.45,10748
DTYS,25/02/2013,27.67,27.67,26.36,26.36,20419
DTYS,22/02/2013,27.4254,27.4254,27.31,27.36,15147
DTYS,21/02/2013,27.4699,27.5375,27.24,27.5375,6254
DTYS,20/02/2013,28.08,28.08,27.8336,27.8336,16400
DTYS,19/02/2013,27.7,28.1,27.7,28.099,5270
DTYS,15/02/2013,27.94,28.1,27.8898,27.89,8808
DTYS,14/02/2013,28.1499,28.199,27.778,27.79,11950
DTYS,13/02/2013,28.38,28.42,28.18,28.3605,15800
DTYS,12/02/2013,27.91,27.98,27.782,27.9,12363
DTYS,11/02/2013,27.664,27.6779,27.5572,27.63,4544
DTYS,08/02/2013,27.81,27.85,27.5499,27.5499,173504
DTYS,07/02/2013,27.7,27.7,27.4,27.57,17817
DTYS,06/02/2013,27.86,27.939,27.69,27.708,17591
DTYS,05/02/2013,28.17,28.27,28.12,28.14,8573
DTYS,04/02/2013,28.15,28.15,27.64,27.81,28330
DTYS,01/02/2013,27.57,28.55,27.36,28.4842,14588
DTYS,31/01/2013,27.81,28.27,27.81,28.1699,15745
DTYS,30/01/2013,28.4,28.489,28.1925,28.1925,10197
DTYS,29/01/2013,28.16,28.369,28,28.278,11620
DTYS,28/01/2013,28.45,28.45,28.1864,28.1936,48679
DTYS,25/01/2013,27.61,28.059,27.61,28.02,16276
DTYS,24/01/2013,27.16,27.16,26.9701,27.08,6278
DTYS,23/01/2013,26.85,26.89,26.81,26.89,4169
DTYS,22/01/2013,27.3,27.31,26.8695,26.9,14666
DTYS,18/01/2013,27.21,27.21,26.989,27.1,23324
DTYS,17/01/2013,27.35,27.5233,27.26,27.39,1269310
DTYS,16/01/2013,26.86,26.92,26.8,26.8,94310
DTYS,15/01/2013,26.86,27.0129,26.8,27.0129,20274
DTYS,14/01/2013,27.12,27.2474,27.12,27.2226,8025
DTYS,11/01/2013,27.93,27.93,27.25,27.3099,18690
DTYS,10/01/2013,27.62,27.73,27.47,27.66,31892
DTYS,09/01/2013,27.24,27.4484,27.18,27.31,16620
DTYS,08/01/2013,27.55,27.55,27.39,27.41,61116
DTYS,07/01/2013,27.78,27.87,27.7,27.71,17216
DTYS,04/01/2013,27.93,28.0205,27.131,27.79,28790
DTYS,03/01/2013,27.11,27.81,27.11,27.8099,19191
DTYS,02/01/2013,27.02,27.19,27.02,27.17,22022
DTYS,31/12/2012,26,26.852,26,26.75,15727
DTYS,28/12/2012,26.1,26.159,25.88,26.1199,29083
DTYS,27/12/2012,26.59,26.59,26.061,26.3072,10163
DTYS,26/12/2012,26.7362,26.7362,26.55,26.57,10538
DTYS,24/12/2012,26.82,26.9299,26.79,26.79,9555
DTYS,21/12/2012,26.62,26.76,26.6,26.76,12312
DTYS,20/12/2012,26.84,27.1,26.84,27.072,159129
DTYS,19/12/2012,27.03,27.21,26.92,27.1532,70263
DTYS,18/12/2012,26.92,27.44,26.92,27.3092,81232
DTYS,17/12/2012,26.4801,26.88,26.4801,26.88,17447
DTYS,14/12/2012,26.25,26.2996,26.2296,26.29,11126
DTYS,13/12/2012,26.2401,26.44,26.17,26.4,21828
DTYS,12/12/2012,25.77,27.14,25.55,26.01,22605
DTYS,11/12/2012,25.48,25.6301,25.48,25.55,8937
DTYS,10/12/2012,25.15,25.3299,25.15,25.3,6518
DTYS,07/12/2012,25.31,25.36,25.2368,25.3501,14604
DTYS,06/12/2012,25.02,25.02,24.81,25.01,14002
DTYS,05/12/2012,25.11,25.14,24.99,25.0799,9749
DTYS,04/12/2012,25.35,25.35,25.25,25.31,17072
DTYS,03/12/2012,25.5169,25.5169,25.44,25.45,8275
DTYS,30/11/2012,25.28,25.36,25.2631,25.28,17450
DTYS,29/11/2012,25.52,25.52,25.3303,25.4,10568
DTYS,28/11/2012,25.51,25.51,25.3,25.47,24755
DTYS,27/11/2012,25.9472,25.9472,25.72,25.7399,31990
DTYS,26/11/2012,25.89,25.996,25.8172,25.976,13987
DTYS,23/11/2012,26.26,26.27,26.18,26.27,7989
DTYS,21/11/2012,26.23,26.34,26.17,26.2,11161
DTYS,20/11/2012,25.7843,25.99,25.76,25.99,10767
DTYS,19/11/2012,25.61,25.61,25.536,25.57,13795
DTYS,16/11/2012,25.4,25.4,25.01,25.2864,18353
DTYS,15/11/2012,25.58,25.6,25.28,25.36,12838
DTYS,14/11/2012,25.69,25.69,25.36,25.36,58671
DTYS,13/11/2012,25.27,25.48,25.27,25.4084,16412
DTYS,12/11/2012,25.6,25.61,25.5199,25.61,20783
DTYS,09/11/2012,25.634,25.779,25.566,25.59,7145
DTYS,08/11/2012,26.062,26.062,25.5399,25.5399,12999
DTYS,07/11/2012,25.95,26.06,25.83,26.0563,20116
DTYS,06/11/2012,26.67,27.1301,26.628,27.1301,18672
DTYS,05/11/2012,26.53,26.564,26.464,26.53,8642
DTYS,02/11/2012,27.2426,27.2426,26.876,26.9,10818
DTYS,01/11/2012,26.9814,26.9814,26.29,26.93,8317
DTYS,31/10/2012,27,27,26.61,26.77,23722
DTYS,26/10/2012,27.49,27.6,27.248,27.2499,22545
DTYS,25/10/2012,28.2,28.26,27.9099,28.0701,6873
DTYS,24/10/2012,27.76,27.76,27.4429,27.534,10568
DTYS,23/10/2012,27.5896,27.5896,27.4198,27.4198,8903
DTYS,22/10/2012,27.8,27.96,27.7402,27.96,6348
DTYS,19/10/2012,27.7498,27.7498,27.41,27.5401,29833
DTYS,18/10/2012,27.66,28.0201,27.66,27.9901,15318
DTYS,17/10/2012,27.34,27.8331,27.34,27.8,85664
DTYS,16/10/2012,26.6701,26.9201,26.6701,26.9201,27564
DTYS,15/10/2012,26.33,26.44,26.26,26.4221,12046
DTYS,12/10/2012,26.3,26.3684,26.1599,26.3099,17953
DTYS,11/10/2012,26.78,26.86,26.3801,26.4,5340
DTYS,10/10/2012,26.86,26.9201,26.33,26.451,13377
DTYS,09/10/2012,26.68,26.6901,26.521,26.627,9026
DTYS,08/10/2012,26.33,26.46,26.33,26.46,9153
DTYS,05/10/2012,26.7601,26.82,26.7,26.82,17494
DTYS,04/10/2012,26.04,26.2501,25.916,26.2501,7903
DTYS,03/10/2012,25.99,25.9984,25.8003,25.8099,10904
DTYS,02/10/2012,26.15,26.1784,25.92,25.9752,10587
DTYS,01/10/2012,26.11,26.2172,25.9239,26.0005,9389
DTYS,28/09/2012,25.95,26.1916,25.85,26.08,17056
DTYS,27/09/2012,26.22,26.22,26.0622,26.15,10909
DTYS,26/09/2012,26.16,26.229,25.95,25.95,15626
DTYS,25/09/2012,26.76,26.889,26.46,26.47,16620
DTYS,24/09/2012,26.81,26.8274,26.7501,26.79,13472
DTYS,21/09/2012,27.2899,27.32,27.0639,27.08,331284
DTYS,20/09/2012,27,27.4912,26.96,27.4199,30491
DTYS,19/09/2012,27.3348,27.59,27.3348,27.4899,12764
DTYS,18/09/2012,27.4467,27.6596,27.37,27.6596,14713
DTYS,17/09/2012,27.98,28,27.82,27.96,7250
DTYS,14/09/2012,27.6901,28.2702,27.69,28.1376,14271
DTYS,13/09/2012,27.11,27.4961,26.9199,26.97,38510
DTYS,12/09/2012,27.52,27.6183,27.45,27.5001,111260
DTYS,11/09/2012,26.92,27.048,26.8021,26.99,8790
DTYS,10/09/2012,26.9,26.9705,26.73,26.73,8686
DTYS,07/09/2012,26.15,26.83,26.15,26.83,11396
DTYS,06/09/2012,26.84,27.16,26.84,27.07,14154
DTYS,05/09/2012,26.25,26.3206,26.09,26.29,11846
DTYS,04/09/2012,26.07,26.25,25.93,26.2201,149014
DTYS,31/08/2012,26.62,26.62,25.8,25.81,13202
DTYS,30/08/2012,26.68,26.72,26.5029,26.64,10087
DTYS,29/08/2012,26.95,27.24,26.95,27.07,26026
DTYS,28/08/2012,26.97,27.02,26.75,26.93,16617
DTYS,27/08/2012,27.12,27.15,27.02,27.0693,26952
DTYS,24/08/2012,27.05,27.39,27.05,27.39,28808
DTYS,23/08/2012,27.23,27.339,27.14,27.25,15714
DTYS,22/08/2012,28.07,28.09,27.5,27.5,7049
DTYS,21/08/2012,28.74,29,28.5,28.54,28646
DTYS,20/08/2012,28.71,28.75,28.45,28.61,89310
DTYS,17/08/2012,28.67,28.7185,28.5199,28.68,27612
DTYS,16/08/2012,28.54,29,28.4401,28.91,32986
DTYS,15/08/2012,28.17,28.63,28.17,28.6,22319
DTYS,14/08/2012,27.87,27.97,27.73,27.9201,11990
DTYS,13/08/2012,27.16,27.31,27.09,27.31,310342
DTYS,10/08/2012,27.1,27.38,27.1,27.33,56808
DTYS,09/08/2012,27.808,27.84,27.4909,27.53,47546
DTYS,08/08/2012,27.294,27.63,26.641,27.54,7610
DTYS,07/08/2012,27.2941,27.5161,27.24,27.36,12950
DTYS,06/08/2012,26.7101,26.734,26.51,26.7,14990
DTYS,03/08/2012,26.64,27,26.573,26.85,21947
DTYS,02/08/2012,26.04,26.11,25.9,25.9699,17177
DTYS,01/08/2012,26.34,26.64,26.0339,26.4905,11126
DTYS,31/07/2012,25.86,26.23,25.86,25.952,4504
DTYS,30/07/2012,26.51,26.562,26.12,26.13,9369
DTYS,27/07/2012,26.23,26.93,26.23,26.53,17204
DTYS,26/07/2012,25.56,25.7,25.53,25.66,7058
DTYS,25/07/2012,25.303,25.49,25.2514,25.28,64112
DTYS,24/07/2012,25.74,25.74,25.2501,25.32,14655
DTYS,23/07/2012,25.44,25.5852,25.3701,25.58,17492
DTYS,20/07/2012,25.89,25.91,25.7,25.75,8905
DTYS,19/07/2012,26.19,26.27,26.05,26.22,15313
DTYS,18/07/2012,26.0399,26.07,25.94,26.07,12465
DTYS,17/07/2012,25.92,26.23,25.92,26.18,7562
DTYS,16/07/2012,25.79,25.9,25.66,25.88,136978
DTYS,13/07/2012,26.2,26.34,26.1662,26.1699,39623
DTYS,12/07/2012,26.1,26.17,26,26.08,11499
DTYS,11/07/2012,26.12,26.34,25.8,26.34,28148
DTYS,10/07/2012,26.33,26.33,26.13,26.17,9377
DTYS,09/07/2012,26.38,26.3892,26.1994,26.21,16523
DTYS,06/07/2012,26.52,26.52,26.38,26.4191,19999
DTYS,05/07/2012,27.08,27.15,26.848,26.9299,21399
DTYS,03/07/2012,26.91,27.87,26.91,27.3,10418
DTYS,02/07/2012,27.28,27.9299,26.13,26.968,21918
DTYS,29/06/2012,27.76,27.771,27.546,27.55,52862
DTYS,28/06/2012,26.98,27.11,26.829,26.99,46516
DTYS,27/06/2012,27.51,27.7297,27.43,27.45,28514
DTYS,26/06/2012,27.78,27.78,27.4701,27.64,11344
DTYS,25/06/2012,27.61,27.64,27.3786,27.4399,25895
DTYS,22/06/2012,28.1,28.14,28,28.1,9449
DTYS,21/06/2012,27.83,27.83,27.5,27.66,43702
DTYS,20/06/2012,27.97,28.2599,27.68,27.91,25606
DTYS,19/06/2012,27.47,27.73,27.4201,27.54,12557
DTYS,18/06/2012,27.08,27.289,27.08,27.1505,5232
DTYS,15/06/2012,27.2,27.23,27,27.1,11357
DTYS,14/06/2012,27.394,27.739,27,27.72,9655
DTYS,13/06/2012,27.6,27.66,27.22,27.28,9657
DTYS,12/06/2012,27.48,27.8499,26.83,27.834,21028
DTYS,11/06/2012,27.45,27.45,27,27.09,14264
DTYS,08/06/2012,26.9382,27.54,26.9382,27.46,26047
DTYS,07/06/2012,27.7976,27.7976,27.506,27.52,16279
DTYS,06/06/2012,27.189,27.93,27.189,27.86,27009
DTYS,05/06/2012,26.9493,27.7457,26.8099,27.08,12477
DTYS,04/06/2012,26.52,26.7993,26.42,26.78,27084
DTYS,01/06/2012,26.71,29.76,25.859,25.97,79631
DTYS,31/05/2012,27.09,27.18,26.54,26.9,73340
DTYS,30/05/2012,27.6,27.65,27.199,27.27,146398
DTYS,29/05/2012,28.29,28.4401,28.04,28.4401,12098
DTYS,25/05/2012,28.52,28.5305,28.32,28.3201,10533
DTYS,24/05/2012,28.726,28.86,28.69,28.8,14944
DTYS,23/05/2012,28.48,28.5,28.3,28.5,17071
DTYS,22/05/2012,29,29.19,28.807,28.807,98097
DTYS,21/05/2012,28.56,28.71,28.47,28.632,14085
DTYS,18/05/2012,28.73,28.73,28.38,28.49,46500
DTYS,17/05/2012,28.87,28.8901,28.4,28.4,103496
DTYS,16/05/2012,29.1803,29.23,28.7,28.82,18686
DTYS,15/05/2012,28.85,28.996,28.75,28.828,85639
DTYS,14/05/2012,28.8,28.92,28.64,28.81,36680
DTYS,11/05/2012,29.29,29.42,29.26,29.26,7082
DTYS,10/05/2012,29.77,29.9,29.632,29.64,14988
DTYS,09/05/2012,29.2,29.8,29.14,29.52,28699
DTYS,08/05/2012,29.51,29.54,29.3269,29.54,26766
DTYS,07/05/2012,29.7864,29.85,29.67,29.83,9867
DTYS,04/05/2012,30.09,30.09,29.75,29.8,25373
DTYS,03/05/2012,30.45,30.77,30.26,30.299,14564
DTYS,02/05/2012,31.21,31.22,30.2199,30.31,20913
DTYS,01/05/2012,30.12,30.67,30.12,30.588,15483
DTYS,30/04/2012,30.34,30.34,30.1999,30.314,37261
DTYS,27/04/2012,30.62,30.62,30.45,30.46,19654
DTYS,26/04/2012,30.59,30.82,30.5101,30.67,38884
DTYS,25/04/2012,31.27,31.4001,30.92,31.0593,89238
DTYS,24/04/2012,30.73,30.91,30.7,30.91,9161
DTYS,23/04/2012,30.58,30.67,30.43,30.67,24766
DTYS,20/04/2012,31.1501,31.2,30.9696,30.99,8621
DTYS,19/04/2012,30.9,31,30.75,30.974,13215
DTYS,18/04/2012,31.16,31.16,31.054,31.138,38995
DTYS,17/04/2012,31.35,31.42,31.28,31.3099,723583
DTYS,16/04/2012,31.11,31.23,30.7391,31.12,18930
DTYS,13/04/2012,31.2706,31.2706,31.076,31.12,20168
DTYS,12/04/2012,31.64,31.824,31.582,31.8,13774
DTYS,11/04/2012,31.47,31.62,31.4,31.48,7534
DTYS,10/04/2012,31.53,31.6,30.97,31.1,30170
DTYS,09/04/2012,31.66,31.78,31.51,31.78,86743
DTYS,05/04/2012,33.1899,33.43,33.09,33.18,27008
DTYS,04/04/2012,34,34.03,33.7665,33.83,69213
DTYS,03/04/2012,33.26,34.482,33.1816,34.48,15637
DTYS,02/04/2012,33.48,33.53,33.2398,33.48,21272
DTYS,30/03/2012,33.23,33.87,33.1,33.78,292852
DTYS,29/03/2012,33.4,33.88,33.24,33.27,14064
DTYS,28/03/2012,33.56,33.7399,33.5216,33.7399,14345
DTYS,27/03/2012,34.04,34.04,33.53,33.6,48997
DTYS,26/03/2012,34.27,34.6203,34.13,34.28,15140
DTYS,23/03/2012,34.3089,34.388,34.05,34.291,10639
DTYS,22/03/2012,34.58,34.7013,34.432,34.7013,220982
DTYS,21/03/2012,35.26,35.3,34.87,34.9,27533
DTYS,20/03/2012,35.42,35.88,35.25,35.62,20006
DTYS,19/03/2012,35.04,35.749,35.04,35.54,409137
DTYS,16/03/2012,35.32,35.39,34.84,34.86,177435
DTYS,15/03/2012,34.78,34.78,34.396,34.64,18547
DTYS,14/03/2012,33.78,34.76,33.78,34.6401,355690
DTYS,13/03/2012,32.53,33.1201,32.42,33.09,995945
DTYS,12/03/2012,31.9,32.22,31.8599,32.22,886733
DTYS,09/03/2012,32.19,32.38,32.13,32.218,24577
DTYS,08/03/2012,31.77,32.19,31.68,32.03,112547
DTYS,07/03/2012,31.48,31.66,31.48,31.66,10188
DTYS,06/03/2012,31.47,31.47,31.308,31.47,11010
DTYS,05/03/2012,31.92,32.01,31.8672,32.01,6022
DTYS,02/03/2012,32.03,32.03,31.7084,31.76,10485
DTYS,01/03/2012,32.63,32.72,32.38,32.41,64274
DTYS,29/02/2012,31.46,32.12,31.46,31.91,47614
DTYS,28/02/2012,31.38,31.52,31.19,31.49,290862
DTYS,27/02/2012,31.51,31.98,31.4,31.59,27164
DTYS,24/02/2012,32.0383,32.09,31.9903,32.09,6881
DTYS,23/02/2012,32.35,32.43,31.974,32.0636,15020
DTYS,22/02/2012,32.65,32.66,32.2,32.2,282930
DTYS,21/02/2012,32.65,33.03,32.61,32.7744,11655
DTYS,17/02/2012,32.67,32.68,32.3,32.3,21725
DTYS,16/02/2012,31.87,32.37,31.8325,32.2776,578754
DTYS,15/02/2012,31.84,31.84,31.366,31.61,16861
DTYS,14/02/2012,31.85,31.94,31.649,31.78,10843
DTYS,13/02/2012,32.1,32.1248,31.77,32.0804,10657
DTYS,10/02/2012,31.97,32.02,31.7,31.77,10605
DTYS,09/02/2012,32.36,32.7201,32.36,32.49,235565
DTYS,08/02/2012,32.25,32.35,32.07,32.18,6979
DTYS,07/02/2012,32.0001,32.28,31.97,32.15,44589
DTYS,06/02/2012,31.8,31.8,31.37,31.3824,2663
DTYS,03/02/2012,31.67,31.88,31.56,31.72,56208
DTYS,02/02/2012,31.05,31.05,30.7499,30.8,4791
DTYS,01/02/2012,30.98,31.11,30.86,30.97,22253
DTYS,31/01/2012,31.05,31.05,30.6,30.6,40167
DTYS,30/01/2012,30.96,31.07,30.786,31.03,33132
DTYS,27/01/2012,31.58,31.74,31.294,31.3901,54874
DTYS,26/01/2012,31.99,31.99,31.7,31.83,434667
DTYS,25/01/2012,33.34,33.39,31.84,32.49,43006
DTYS,24/01/2012,33.49,33.62,33.45,33.45,11331
DTYS,23/01/2012,33.63,33.7393,33.558,33.5753,14500
DTYS,20/01/2012,32.98,33.264,32.94,33.22,14422
DTYS,19/01/2012,32.17,32.78,32.17,32.78,9680
DTYS,18/01/2012,31.5,32.03,31.5,31.97,32220
DTYS,17/01/2012,31.81,31.81,31.57,31.62,21872
DTYS,13/01/2012,31.7,31.7239,31.37,31.7239,45673
DTYS,12/01/2012,32.1,32.3701,32.1,32.29,25900
DTYS,11/01/2012,32.33,32.33,31.98,32.07,21412
DTYS,10/01/2012,32.83,32.84,32.6,32.691,10365
DTYS,09/01/2012,32.65,32.65,32.26,32.5,17243
DTYS,06/01/2012,32.71,32.73,32.49,32.6401,22580
DTYS,05/01/2012,32.94,32.94,32.5,32.878,7725
DTYS,04/01/2012,32.8,33.16,32.8,33.05,21677
DTYS,03/01/2012,32.84,32.92,32.52,32.846,25420
DTYS,30/12/2011,32.34,32.34,32.06,32.26,41895
DTYS,29/12/2011,32.9808,32.9808,32.4499,32.551,11436
DTYS,28/12/2011,33.24,33.24,32.69,32.84,19875
DTYS,27/12/2011,33.5918,33.643,33.528,33.643,15350
DTYS,23/12/2011,33.46,33.8001,33.46,33.72,14650
DTYS,22/12/2011,32.85,33.0443,32.72,33.0443,4200
DTYS,21/12/2011,32.8,33.07,32.8,33.07,2300
DTYS,20/12/2011,32.38,32.788,32.38,32.7601,17031
DTYS,19/12/2011,32.13,32.13,31.81,31.81,4890
DTYS,16/12/2011,32.45,32.45,31.98,32.0616,31213
DTYS,15/12/2011,32.6554,32.75,32.5992,32.614,15497
DTYS,14/12/2011,32.83,32.83,32.56,32.64,17564
DTYS,13/12/2011,33.7,33.7,32.9,33.03,23320
DTYS,12/12/2011,33.4,33.48,33.31,33.47,21725
DTYS,09/12/2011,33.33,33.9001,33.33,33.9001,16700
DTYS,08/12/2011,33.53,33.53,33.1199,33.1399,90262
DTYS,07/12/2011,33.9691,34.09,33.68,33.7814,27095
DTYS,06/12/2011,34.35,34.4,34.2199,34.3325,13595
DTYS,05/12/2011,34.64,34.6899,34,34.09,20750
DTYS,02/12/2011,34.8401,34.8401,33.9499,33.95,15417
DTYS,01/12/2011,34.73,34.82,34.38,34.5401,13325
DTYS,30/11/2011,34.48,34.7653,34.29,34.6,37500
DTYS,29/11/2011,34.11,34.451,33.69,33.95,14325
DTYS,28/11/2011,34.66,34.7,33.62,33.68,7139
DTYS,25/11/2011,33.78,33.8,33.66,33.72,7499
DTYS,23/11/2011,33.5645,33.6,32.94,33.03,25294
DTYS,22/11/2011,33.9,33.94,33.53,33.53,4700
DTYS,21/11/2011,33.71,33.8855,33.67,33.8855,19335
DTYS,18/11/2011,33.81,34.2592,33.81,34.18,6038
DTYS,17/11/2011,34.06,34.16,33.33,33.43,29112
DTYS,16/11/2011,33.834,34.06,33.79,33.81,10299
DTYS,15/11/2011,33.8499,34.22,33.64,34.14,11478
DTYS,14/11/2011,34.26,34.33,33.81,33.952,17759
DTYS,11/11/2011,34.48,34.75,34.48,34.75,3100
DTYS,10/11/2011,33.83,34.68,33.77,34.08,24027
DTYS,09/11/2011,33.66,33.96,33.312,33.59,22368
DTYS,08/11/2011,34.07,34.72,33.95,34.6512,9750
DTYS,07/11/2011,34.21,34.24,33.53,33.96,17751
DTYS,04/11/2011,34.2399,34.2542,34.1399,34.1399,590
DTYS,03/11/2011,34.64,34.64,34.23,34.5,16295
DTYS,02/11/2011,34.31,34.36,34,34.06,5190
DTYS,01/11/2011,34.36,34.64,33.88,33.88,46051
DTYS,31/10/2011,36.22,36.22,35.39,35.4099,18114
DTYS,28/10/2011,37.37,37.42,36.99,37.1999,5290
DTYS,27/10/2011,37.19,38.28,37.19,37.94,13831
DTYS,26/10/2011,36.06,36.62,35.75,36.5285,42775
DTYS,25/10/2011,36.38,36.49,35.6,35.609,13600
DTYS,24/10/2011,36.66,36.8092,36.58,36.78,13112
DTYS,21/10/2011,36.7401,36.76,36.2901,36.4936,2350
DTYS,20/10/2011,36.26,36.44,35.95,35.95,5380
DTYS,19/10/2011,36.26,36.47,36.02,36.11,2060
DTYS,18/10/2011,36,36.572,36,36.36,2337
DTYS,17/10/2011,36.86,36.87,36.3501,36.36,8765
DTYS,14/10/2011,37.3,37.3315,36.87,37.21,5525
DTYS,13/10/2011,36.8,36.8,36.3244,36.53,4954
DTYS,12/10/2011,37.39,37.9992,36.03,37.17,10589
DTYS,11/10/2011,37.0004,37.22,36.8899,36.942,6387
DTYS,10/10/2011,36.96,37.71,36.96,37.39,30091
DTYS,07/10/2011,36.14,36.48,35.79,36.05,51020
DTYS,06/10/2011,34.82,35.35,34.82,35.35,13750
DTYS,05/10/2011,34.05,34.5701,34.05,34.43,23444
DTYS,04/10/2011,33.02,33.92,32.91,33.92,11355
DTYS,03/10/2011,33.88,34.2,33.26,33.4,28323
DTYS,30/09/2011,34.2,34.6,34.2,34.33,14200
DTYS,29/09/2011,35.27,35.38,34.66,35.018,44200
DTYS,28/09/2011,34.96,35.6201,34.96,34.96,12144
DTYS,27/09/2011,34.94,35.23,34.89,34.9,31584
DTYS,26/09/2011,33.88,34.28,33.65,34.19,45016
DTYS,23/09/2011,32.9099,33.63,32.844,33.54,58695
DTYS,22/09/2011,32.77,32.89,32.25,32.54,41437
DTYS,21/09/2011,33.72,34.21,33.41,33.62,13588
DTYS,20/09/2011,33.91,34.17,33.89,33.93,11700
DTYS,19/09/2011,34.1,34.16,33.79,34.134,42100
DTYS,16/09/2011,35.67,35.71,35.06,35.12,28729
DTYS,15/09/2011,35.55,35.75,35.25,35.29,55915
DTYS,14/09/2011,34.33,34.7164,34.14,34.51,26766
DTYS,13/09/2011,34.076,34.55,34.076,34.35,25250
DTYS,12/09/2011,33.77,34.12,33.63,34.12,35955
DTYS,09/09/2011,33.83,34.05,33.35,33.54,45970
DTYS,08/09/2011,34.4,34.66,34.18,34.22,38786
DTYS,07/09/2011,34.58,34.785,34.4,34.76,4990
DTYS,06/09/2011,34.01,34.38,33.8801,34.25,16880
DTYS,02/09/2011,34.45,34.61,34.15,34.37,15601
DTYS,01/09/2011,35.61,36.43,35.13,35.19,42238
DTYS,31/08/2011,35.5,36.04,35.5,36.04,9734
DTYS,30/08/2011,35.67,35.7,35.23,35.55,12957
DTYS,29/08/2011,36.49,36.51,36.21,36.39,14570
DTYS,26/08/2011,35.45,35.91,35.24,35.65,27950
DTYS,25/08/2011,36.36,36.55,35.81,36.0599,7125
DTYS,24/08/2011,36,36.8656,36,36.8656,17285
DTYS,23/08/2011,35.35,35.58,34.84,35.58,47664
DTYS,22/08/2011,35.57,35.57,35.04,35.04,27350
DTYS,19/08/2011,35.07,35.2255,34.8,34.8,15243
DTYS,18/08/2011,34.46,35.0056,33.91,34.78,25732
DTYS,17/08/2011,35.82,36.22,35.38,35.38,50889
DTYS,16/08/2011,36.65,36.65,35.779,35.96,31598
DTYS,15/08/2011,36.23,36.67,35.15,36.67,39787
DTYS,12/08/2011,36.59,36.705,36.1,36.23,22697
DTYS,11/08/2011,36.14,37.188,35.88,37.05,45235
DTYS,10/08/2011,36.07,36.3404,35.3975,35.3975,78170
DTYS,09/08/2011,38.43,38.66,34.72,36.98,29728
DTYS,08/08/2011,38.94,40.48,37.66,37.9,66161
DTYS,05/08/2011,39.61,40.28,38.82,40.02,20588
DTYS,04/08/2011,39.7999,39.8,38.22,38.28,92462
DTYS,03/08/2011,40.08,40.19,39.65,40,53512
DTYS,02/08/2011,40.8,40.91,39.9,39.97,38431
DTYS,01/08/2011,41.79,41.79,40.841,41.26,18874
DTYS,29/07/2011,42.53,42.546,41.44,41.69,481741
DTYS,28/07/2011,43.3,43.5539,43.25,43.49,432310
DTYS,27/07/2011,43.57,44,43.39,43.736,7520
DTYS,26/07/2011,43.88,43.88,43.3,43.36,30056
DTYS,25/07/2011,44.07,44.12,43.34,43.98,60864
DTYS,22/07/2011,43.64,43.89,43.636,43.68,16294
DTYS,21/07/2011,43.52,44.47,43.43,44.0524,16450
DTYS,20/07/2011,42.96,43.3193,42.944,43.3193,6846
DTYS,19/07/2011,43.19,43.287,42.63,42.63,26760
DTYS,18/07/2011,42.81,43.07,42.62,42.94,13639
DTYS,15/07/2011,43.75,43.75,42.88,42.96,8564
DTYS,14/07/2011,43.39,43.63,43.22,43.63,9634
DTYS,13/07/2011,43.39,43.6,42.86,42.86,62889
DTYS,12/07/2011,43.22,43.61,43.1,43.11,13779
DTYS,11/07/2011,43.81,43.86,43.342,43.43,34642
DTYS,08/07/2011,44.81,44.82,44.33,44.52,30675
DTYS,07/07/2011,46.19,46.43,46.16,46.2152,28099
DTYS,06/07/2011,45.5,45.71,45.25,45.5272,17784
DTYS,05/07/2011,46.27,46.32,45.85,45.85,14013
DTYS,01/07/2011,46.35,47.16,46.33,46.85,20528
DTYS,30/06/2011,45.49,46.97,45.49,46.5399,20384
DTYS,29/06/2011,45.3,45.9276,45.218,45.79,10246
DTYS,28/06/2011,43.73,45.08,43.73,44.9,12629
DTYS,27/06/2011,42.82,43.5692,42.8,43.44,8513
DTYS,24/06/2011,43.67,43.67,42.8844,43.06,5820
DTYS,23/06/2011,43.74,43.75,43.47,43.74,7889
DTYS,22/06/2011,44.08,44.5701,44.01,44.52,5122
DTYS,21/06/2011,44.4,44.6799,44.25,44.52,18025
DTYS,20/06/2011,43.99,44.49,43.99,44.26,4015
DTYS,17/06/2011,44.27,44.38,44.108,44.14,278682
DTYS,16/06/2011,44.18,44.329,43.83,44.15,30604
DTYS,15/06/2011,45.6,45.69,44.43,44.52,26756
DTYS,14/06/2011,45.96,46.22,45.93,46.12,11757
DTYS,13/06/2011,45.2,45.2,44.55,44.98,15985
DTYS,10/06/2011,44.82,44.82,44.471,44.79,8657
DTYS,09/06/2011,44.4,45.32,44.4,45.16,54348
DTYS,08/06/2011,44.75,44.75,44.21,44.41,36679
DTYS,07/06/2011,45.33,45.64,44.83,44.85,23217
DTYS,06/06/2011,45.38,45.4208,44.94,45.03,12963
DTYS,03/06/2011,44.61,45.19,44.61,45.08,6223
DTYS,02/06/2011,45.32,45.64,45.02,45.64,17953
DTYS,01/06/2011,45.57,45.6,44.85,44.85,70556
DTYS,31/05/2011,46.47,46.57,45.97,46.0496,27378
DTYS,27/05/2011,46.42,46.42,46.19,46.198,10685
DTYS,26/05/2011,46.95,46.954,46.36,46.36,8238
DTYS,25/05/2011,47.11,47.381,47.101,47.21,8740
DTYS,24/05/2011,47.65,47.77,47.2499,47.35,20596
DTYS,23/05/2011,47.12,47.52,47.04,47.43,483861
DTYS,20/05/2011,47.9,47.9299,47.68,47.7,21243
DTYS,19/05/2011,48.76,48.77,47.95,47.98,126962
DTYS,18/05/2011,47.6,48.2,47.54,48.16,49844
DTYS,17/05/2011,47.46,47.66,47.2899,47.43,165767
DTYS,16/05/2011,48.03,48.2699,47.76,47.76,14134
DTYS,13/05/2011,48.3199,48.3199,47.8,48.1401,23836
DTYS,12/05/2011,48.27,48.8,48.13,48.57,34681
DTYS,11/05/2011,48.9,49.1,48.21,48.31,78471
DTYS,10/05/2011,48.42,48.85,48.4,48.85,516264
DTYS,09/05/2011,48.4,48.47,48.1252,48.27,35306
DTYS,06/05/2011,49.18,49.18,48.26,48.54,68613
DTYS,05/05/2011,49.06,49.11,48.59,48.6705,25262
DTYS,04/05/2011,49.6,49.68,49.18,49.33,24307
DTYS,03/05/2011,49.6456,49.81,49.6,49.6999,30937
DTYS,02/05/2011,50.158,50.22,49.66,49.93,19431
DTYS,29/04/2011,50.48,50.5091,50,50.0035,82590
DTYS,28/04/2011,50.38,50.62,50.07,50.314,78657
DTYS,27/04/2011,51.11,51.43,50.79,50.79,77901
DTYS,26/04/2011,51.04,51.12,50.63,50.6394,50426
DTYS,25/04/2011,51.56,51.6,51.22,51.2728,15229
DTYS,21/04/2011,51.77,51.77,51.43,51.71,18053
DTYS,20/04/2011,51.59,51.9,51.59,51.89,17426
DTYS,19/04/2011,51.52,51.57,51.18,51.4,38285
DTYS,18/04/2011,51.93,52.06,51.3572,51.51,94605
DTYS,15/04/2011,52.11,52.11,51.89,51.98,25087
DTYS,14/04/2011,52.35,52.9364,52.1844,52.93,19668
DTYS,13/04/2011,53.21,53.22,52.5501,52.59,13000
DTYS,12/04/2011,53.22,53.22,52.7472,52.91,12414
DTYS,11/04/2011,54.07,54.168,53.7752,54,14028
DTYS,08/04/2011,54.29,54.42,53.95,54.11,24341
DTYS,07/04/2011,53.86,54.22,53.6,53.79,74351
DTYS,06/04/2011,53.72,54.0501,53.63,54.0501,71966
DTYS,05/04/2011,52.93,53.53,52.91,53.4,60231
DTYS,04/04/2011,52.66,52.7601,52.5,52.75,109676
DTYS,01/04/2011,53.67,53.7,53.15,53.15,9733
DTYS,31/03/2011,52.63,53.25,52.63,53.1,42292
DTYS,30/03/2011,53.2599,53.2599,52.82,52.86,15635
DTYS,29/03/2011,52.79,53.51,52.75,53.36,18675
DTYS,28/03/2011,53.18,53.2,52.77,52.89,27919
DTYS,25/03/2011,52.23,52.89,52.23,52.89,2292
DTYS,24/03/2011,52,52.526,52,52.51,10051
DTYS,23/03/2011,51.29,51.782,51.2,51.74,4367
DTYS,22/03/2011,51.9144,51.92,51.5601,51.5601,6463
DTYS,21/03/2011,51.886,51.886,51.2195,51.4144,7733
DTYS,18/03/2011,51.05,51.05,50.7272,50.817,6304
DTYS,17/03/2011,50.51,50.87,50.364,50.462,12481
DTYS,16/03/2011,50.7,50.832,49.644,49.97,20940
DTYS,15/03/2011,50.38,51.3556,50.21,51.354,93845
DTYS,14/03/2011,51.67,51.7001,51.26,51.7001,6625
DTYS,11/03/2011,52,52.27,52,52.144,9718
DTYS,10/03/2011,52.84,52.95,51.96,52.1199,27277
DTYS,09/03/2011,53.7799,53.89,53.01,53.27,45818
DTYS,08/03/2011,53.9399,54.15,53.82,54.054,7949
DTYS,07/03/2011,54.15,54.226,53.36,53.81,23356
DTYS,04/03/2011,54.21,54.25,53.59,53.616,17585
DTYS,03/03/2011,54.39,54.76,54.38,54.74,10796
DTYS,02/03/2011,53.15,53.53,52.91,53.519,8255
DTYS,01/03/2011,53.73,53.8,52.97,52.97,5725
DTYS,28/02/2011,53.11,53.2,52.92,53.09,20006
DTYS,25/02/2011,53.51,53.5999,53.1401,53.15,4772
DTYS,24/02/2011,53.496,53.6001,53.1205,53.6001,3199
DTYS,23/02/2011,53.36,53.82,53,53.756,25366
DTYS,22/02/2011,54.3,54.3,53.37,53.43,9933
DTYS,18/02/2011,55.28,55.39,54.88,54.88,15405
DTYS,17/02/2011,54.99,55.03,54.74,54.9076,5381
DTYS,16/02/2011,55.5,55.8399,55.43,55.52,19792
DTYS,15/02/2011,55.73,55.73,55.3,55.364,25614
DTYS,14/02/2011,55.93,55.93,55.34,55.66,25929
DTYS,11/02/2011,55.576,55.79,55.09,55.61,51212
DTYS,10/02/2011,55.94,56.32,55.63,56.2,37899
DTYS,09/02/2011,56.15,56.41,55.4,55.7501,36670
DTYS,08/02/2011,55.6499,56.59,55.62,56.4199,44650
DTYS,07/02/2011,55.94,55.94,55.58,55.588,6958
DTYS,04/02/2011,54.78,55.8,54.74,55.496,47509
DTYS,03/02/2011,54.296,54.54,54.05,54.51,27169
DTYS,02/02/2011,53.3599,53.8099,53.3599,53.67,13851
DTYS,01/02/2011,53.108,53.3,52.8901,53.21,8914
DTYS,31/01/2011,52.07,52.67,51.876,52.43,26573
DTYS,28/01/2011,52.5,52.5,51.82,51.94,18693
DTYS,27/01/2011,53.14,53.31,52.56,52.74,35297
DTYS,26/01/2011,52.82,53.3,52.71,53.15,41425
DTYS,25/01/2011,52.89,53.32,52.1,52.381,40571
DTYS,24/01/2011,53.22,53.276,52.9652,53.2,7438
DTYS,21/01/2011,53.77,53.78,53.314,53.314,8589
DTYS,20/01/2011,53.14,53.83,53.14,53.62,12418
DTYS,19/01/2011,52.49,52.63,52.42,52.51,23187
DTYS,18/01/2011,52.6778,53.21,52.67,52.74,17436
DTYS,14/01/2011,51.71,52.37,51.51,52.28,54204
DTYS,13/01/2011,52.83,52.83,52.02,52.02,14713
DTYS,12/01/2011,53.28,53.536,52.74,52.871,64643
DTYS,11/01/2011,52.28,52.94,52.28,52.79,31060
DTYS,10/01/2011,52.2999,52.6,52.16,52.16,42942
DTYS,07/01/2011,53.45,53.48,52.37,52.6401,43793
DTYS,06/01/2011,54.0977,54.0977,53.7001,53.71,5123
DTYS,05/01/2011,54.08,54.74,54.05,54.43,17306
DTYS,04/01/2011,53.14,53.2,52.6893,53.05,12549
DTYS,03/01/2011,54.05,54.31,53.19,53.2901,45347
DTYS,31/12/2010,53.67,56.15,50.315,52.17,7580
DTYS,30/12/2010,53.75,54.13,53.47,53.55,50970
DTYS,29/12/2010,54.79,54.95,53.25,53.25,9382
DTYS,28/12/2010,53.8325,54.98,53.8325,54.98,7620
DTYS,27/12/2010,54.45,54.52,53.62,53.62,26696
DTYS,23/12/2010,53.91,54.28,53.91,54.23,10277
DTYS,22/12/2010,53.1199,53.86,53.1199,53.62,16661
DTYS,21/12/2010,53.17,53.76,53.11,53.1236,48008
DTYS,20/12/2010,52.95,53.65,52.51,53.28,49412
DTYS,17/12/2010,54.11,54.24,53.04,53.18,42318
DTYS,16/12/2010,54.88,55.56,54.3505,54.3505,60718
DTYS,15/12/2010,54.12,55.07,53.84,54.93,56713
DTYS,14/12/2010,53.34,54.7199,53.18,54.58,49774
DTYS,13/12/2010,53.72,53.85,52.52,52.88,63076
DTYS,10/12/2010,52.74,53.57,52.73,53.57,76885
DTYS,09/12/2010,52.21,53,51.96,52.57,121312
DTYS,08/12/2010,52.57,53.28,52.328,52.5,281734
DTYS,07/12/2010,50.2,51.72,50.2,51.5,58023
DTYS,06/12/2010,49.3401,49.4643,49.0736,49.09,1494
DTYS,03/12/2010,49.2,49.76,49.2,49.648,23753
DTYS,02/12/2010,49.95,50.29,49.6708,50.25,17109
DTYS,01/12/2010,49.63,50.01,49.4,49.64,31537
DTYS,30/11/2010,47.56,48.21,47.37,48.18,34409
DTYS,29/11/2010,48.12,48.53,48.12,48.34,10573
DTYS,26/11/2010,48.79,48.86,48.61,48.61,5769
DTYS,24/11/2010,48.29,49.17,48.22,49.1,43497
DTYS,23/11/2010,47.2101,47.66,47.19,47.53,22408
DTYS,22/11/2010,48.39,48.39,48.1401,48.1401,1330
DTYS,19/11/2010,48.85,48.9,48.7092,48.79,10073
DTYS,18/11/2010,49.0899,49.0899,48.71,48.71,783
DTYS,17/11/2010,47.9,48.25,47.8,48.19,4143
DTYS,16/11/2010,48.2,48.85,45.9,47.9599,36541
DTYS,15/11/2010,47.72,48.37,47.68,48.37,13954
DTYS,12/11/2010,45.92,46.9,45.92,46.9,6180
DTYS,11/11/2010,45.75,45.75,45.75,45.75,100
DTYS,10/11/2010,46.4001,46.4001,46.3883,46.3883,614
DTYS,09/11/2010,45.14,45.73,45.14,45.73,10200
DTYS,08/11/2010,44.5,44.85,44.5,44.85,1100
DTYS,05/11/2010,44.84,44.91,44.7,44.8,22600
DTYS,04/11/2010,44.47,44.47,44.11,44.22,1515
DTYS,03/11/2010,45.54,45.72,45.41,45.41,1700
DTYS,02/11/2010,45.9,46.11,45.9,46.11,6100
DTYS,01/11/2010,46.33,46.33,46.33,46.33,300
DTYS,29/10/2010,46.42,46.4223,46.35,46.38,2500
DTYS,28/10/2010,47.83,47.83,47.83,47.83,0
DTYS,27/10/2010,47.7695,47.83,47.7695,47.83,900
DTYS,26/10/2010,46.87,47.16,46.81,47.16,4013
DTYS,25/10/2010,45.52,45.99,45.52,45.99,1400
DTYS,22/10/2010,46.04,46.04,46.04,46.04,0
DTYS,21/10/2010,46.04,46.04,46.04,46.04,333
DTYS,20/10/2010,45.7777,45.7777,45.41,45.47,11400
DTYS,19/10/2010,45.79,45.82,45.33,45.33,16628
DTYS,18/10/2010,45.9,45.9,45.59,45.59,1422
DTYS,15/10/2010,46.1812,46.1812,46.12,46.15,11700
DTYS,14/10/2010,45.42,45.87,45.42,45.87,13922
DTYS,13/10/2010,45.14,45.14,45.11,45.11,900
DTYS,12/10/2010,44.71,45.2,44.71,45.2,322
DTYS,11/10/2010,44.82,44.85,44.81,44.85,4200
DTYS,08/10/2010,44.79,44.96,44.7,44.96,1800
DTYS,07/10/2010,45.13,45.21,45.03,45.15,44235
DTYS,06/10/2010,44.76,45.23,44.76,45.23,433
DTYS,05/10/2010,45.88,45.88,45.88,45.88,228
DTYS,04/10/2010,46.12,46.12,46.12,46.12,222
DTYS,01/10/2010,46.71,46.71,46.71,46.71,112
DTYS,30/09/2010,46.74,46.8,46.6383,46.6383,37722
DTYS,29/09/2010,46.53,46.53,46.53,46.53,500
DTYS,28/09/2010,46.3564,46.3564,46.17,46.2264,1800
DTYS,27/09/2010,46.85,46.85,46.85,46.85,300
DTYS,24/09/2010,47.81,47.85,47.7,47.85,11900
DTYS,23/09/2010,47.23,47.2408,47.23,47.2408,500
DTYS,22/09/2010,47.11,47.11,47.01,47.01,1281
DTYS,21/09/2010,48.62,48.62,48.32,48.32,1500
DTYS,20/09/2010,49.23,49.23,48.9,48.9,439
DTYS,17/09/2010,49.18,49.37,49.18,49.37,1098
DTYS,16/09/2010,49.58,49.89,49.54,49.67,912
DTYS,15/09/2010,49.21,49.21,49.21,49.21,186
DTYS,14/09/2010,48.91,48.91,48.87,48.87,1000
DTYS,13/09/2010,49.74,49.74,49.6499,49.6499,200
DTYS,10/09/2010,50.43,50.49,50.4,50.4,1090
DTYS,09/09/2010,49.82,49.98,49.79,49.98,6220
DTYS,08/09/2010,49.05,49.05,48.86,48.91,1800
DTYS,07/09/2010,48.77,48.77,48.3,48.3,3500
DTYS,03/09/2010,49.51,49.66,49.4436,49.4436,1600
DTYS,02/09/2010,48.78,48.79,48.77,48.77,2200
DTYS,01/09/2010,48.7255,48.7255,48.41,48.42,3100
DTYS,31/08/2010,47.35,47.35,47.35,47.35,6700
DTYS,30/08/2010,48.3238,48.33,47.6964,47.6964,960
DTYS,27/08/2010,48.69,49.08,48.69,49.0495,3000
DTYS,26/08/2010,48,48,47.8108,47.8108,980
DTYS,25/08/2010,46.98,47.82,46.98,47.82,10050
DTYS,24/08/2010,47.12,47.39,47.12,47.39,9580
DTYS,23/08/2010,48.75,48.75,48.2,48.2,10800
DTYS,20/08/2010,48.15,48.31,48.15,48.31,11700
DTYS,19/08/2010,48.02,48.02,47.91,47.91,10400
DTYS,18/08/2010,47.97,48.55,47.97,48.49,2410
DTYS,17/08/2010,48.35,48.39,48.35,48.39,14000
DTYS,16/08/2010,47.95,47.95,47.92,47.92,10400
DTYS,13/08/2010,48.63,48.64,48.62,48.64,20000
DTYS,12/08/2010,48.7,48.7,48.7,48.7,0
DTYS,11/08/2010,48.8,48.8,48.7,48.7,330
DTYS,10/08/2010,50.15,50.15,50.03,50.12,6000
